code,stock,industry,group1,sector,ret,amt_price,amt_price_log
030720.KS,동원수산,어업,KOSPI,식품,0.052516411378555894,388.0,2.5888317255942073
007160.KS,사조산업,어업,KOSPI,식품,0.04960835509138373,3810.0,3.5809249756756194
006040.KS,동원산업,어업,KOSPI,식품,-0.04579025110782864,10510.0,4.021602716028243
004970.KS,신라교역,어업,KOSPI,식품,0.013468013468013407,2384.0,3.377306251068199
006090.KS,사조오양,어업,KOSPI,식품,0.029508196721311553,1451.0,3.161667412437736
003580.KS,동원,광업,KOSPI,건축자재,-0.08477842003853564,917.0,2.962369335670021
26490K.KS,크라운제과우,음식료품,KOSPI,식품,-0.11397058823529416,2273.0,3.356599435724971
264900.KS,크라운제과,음식료품,KOSPI,식품,-0.03674540682414695,2273.0,3.356599435724971
248170.KS,샘표식품,음식료품,KOSPI,식품,-0.07257072570725709,1775.0,3.249198357391113
101530.KS,해태제과식품,음식료품,KOSPI,식품,-0.11971830985915488,5503.0,3.7405995128111567
014710.KS,사조씨푸드,음식료품,KOSPI,식품,-0.02732240437158473,1240.0,3.093421685162235
145995.KS,삼양사우,음식료품,KOSPI,식품,0.006993006993007089,10496.0,4.0210238220315855
145990.KS,삼양사,음식료품,KOSPI,식품,0.06957424714434057,10496.0,4.0210238220315855
000087.KS,하이트진로2우B,음식료품,KOSPI,음료,0.005376344086021501,16201.0,4.2095418220166
136490.KS,선진,음식료품,KOSPI,식품,-0.07981220657277,3118.0,3.4938761108528227
033920.KS,무학,음식료품,KOSPI,음료,-0.06311637080867849,6541.0,3.8156441491319653
001799.KS,대한제당3우B,음식료품,KOSPI,식품,0.05338809034907599,2374.0,3.3754807146185724
000080.KS,하이트진로,음식료품,KOSPI,음료,-0.037190082644628086,16201.0,4.2095418220166
011155.KS,CJ씨푸드1우,음식료품,KOSPI,식품,-0.05054151624548742,1202.0,3.079904467666721
011150.KS,CJ씨푸드,음식료품,KOSPI,식품,-0.029957203994293913,1202.0,3.079904467666721
097955.KS,CJ제일제당 우,음식료품,KOSPI,식품,-0.01139601139601143,47207.0,4.67400640193848
097950.KS,CJ제일제당,음식료품,KOSPI,식품,-0.05242463958060284,47207.0,4.67400640193848
079660.KS,사조해표,음식료품,KOSPI,식품,-0.012096774193548376,859.0,2.9339931638312424
027740.KS,마니커,음식료품,KOSPI,식품,-0.06750572082379858,945.0,2.975431808509263
002600.KS,조흥,음식료품,KOSPI,식품,-0.29767441860465116,1806.0,3.256717745977487
049770.KS,동원F&B,음식료품,KOSPI,식품,-0.07061068702290074,9262.0,3.9667047766578745
036580.KS,팜스코,음식료품,KOSPI,식품,-0.02564102564102566,4628.0,3.665393350279712
023150.KS,MH에탄올,음식료품,KOSPI,음료,0.0,599.0,2.7774268223893115
008040.KS,사조동아원,음식료품,KOSPI,식품,-0.053370786516853896,1075.0,3.031408464251624
007310.KS,오뚜기,음식료품,KOSPI,식품,-0.0716803760282021,27382.0,4.437465166122363
006980.KS,우성사료,음식료품,KOSPI,식품,-0.05425219941348969,992.0,2.9965116721541785
005610.KS,SPC삼립,음식료품,KOSPI,식품,-0.18609865470852016,15403.0,4.187605315418149
005305.KS,롯데칠성우,음식료품,KOSPI,음료,-0.03935185185185186,20476.0,4.311245120878207
005300.KS,롯데칠성,음식료품,KOSPI,음료,-0.05094130675526021,20476.0,4.311245120878207
005180.KS,빙그레,음식료품,KOSPI,식품,-0.04748603351955305,6807.0,3.8329557506045986
004990.KS,롯데제과,음식료품,KOSPI,식품,-0.09999999999999998,28073.0,4.448288825667122
004415.KS,서울식품우,음식료품,KOSPI,식품,-0.0040760869565217295,629.0,2.798650645445269
004410.KS,서울식품,음식료품,KOSPI,식품,0.009070294784580435,629.0,2.798650645445269
004370.KS,농심,음식료품,KOSPI,식품,-0.02737752161383289,20407.0,4.30977916448048
003960.KS,사조대림,음식료품,KOSPI,식품,0.1922290388548058,1678.0,3.2247919564926817
003925.KS,남양유업우,음식료품,KOSPI,식품,-0.010869565217391353,5479.0,3.73870130043471
003920.KS,남양유업,음식료품,KOSPI,식품,-0.07160194174757284,5479.0,3.73870130043471
003680.KS,한성기업,음식료품,KOSPI,식품,-0.029562982005141403,409.0,2.611723308007342
003230.KS,삼양식품,음식료품,KOSPI,식품,-0.11518324607329844,3718.0,3.5703093854358796
002270.KS,롯데푸드,음식료품,KOSPI,식품,-0.06881405563689602,8573.0,3.9331328237267345
002140.KS,고려산업,음식료품,KOSPI,식품,-0.01552795031055898,751.0,2.8756399370041685
001795.KS,대한제당우,음식료품,KOSPI,식품,0.04861111111111116,2374.0,3.3754807146185724
001790.KS,대한제당,음식료품,KOSPI,식품,0.030303030303030276,2374.0,3.3754807146185724
001685.KS,대상우,음식료품,KOSPI,식품,-0.05128205128205132,8991.0,3.953807997665307
001680.KS,대상,음식료품,KOSPI,식품,-0.05366726296958857,8991.0,3.953807997665307
001130.KS,대한제분,음식료품,KOSPI,식품,0.016129032258064502,3177.0,3.5020172148271476
000890.KS,보해양조,음식료품,KOSPI,음료,-0.07346938775510203,1077.0,3.0322157032979815
005745.KS,크라운해태홀딩스우,음식료품,KOSPI,식품,-0.11563169164882225,2320.0,3.3654879848909
005740.KS,크라운해태홀딩스,음식료품,KOSPI,식품,-0.16089965397923878,2320.0,3.3654879848909
111110.KS,호전실업,섬유의복,KOSPI,"섬유,의류,신발,호화품",-0.016091954022988464,1740.0,3.2405492482826
093240.KS,형지엘리트,섬유의복,KOSPI,"섬유,의류,신발,호화품",0.0031088082901553626,852.0,2.9304395947667
105630.KS,한세실업,섬유의복,KOSPI,"섬유,의류,신발,호화품",-0.0037174721189591198,10620.0,4.02612451674545
102280.KS,쌍방울,섬유의복,KOSPI,"섬유,의류,신발,호화품",-0.045592705167173286,1989.0,3.2986347831244354
090370.KS,아비스타,섬유의복,KOSPI,"섬유,의류,신발,호화품",-0.12596401028277637,430.0,2.6334684555795866
093050.KS,LF,섬유의복,KOSPI,"섬유,의류,신발,호화품",0.0033444816053511683,8787.0,3.9438406264012613
084870.KS,TBH글로벌,섬유의복,KOSPI,"섬유,의류,신발,호화품",0.24109263657957247,2117.0,3.325720858019412
007980.KS,태평양물산,섬유의복,KOSPI,"섬유,의류,신발,호화품",0.07740324594257175,1947.0,3.2893659515200318
007700.KS,F&F,섬유의복,KOSPI,"섬유,의류,신발,호화품",-0.07999999999999996,4127.0,3.615634468877416
020000.KS,한섬,섬유의복,KOSPI,"섬유,의류,신발,호화품",-0.07887323943661972,8251.0,3.9165065871151556
016090.KS,대현,섬유의복,KOSPI,"섬유,의류,신발,호화품",-0.03459119496855345,1408.0,3.1486026548060932
014990.KS,인디에프,섬유의복,KOSPI,"섬유,의류,신발,호화품",-0.12947658402203854,896.0,2.9523080096621253
011300.KS,성안,섬유의복,KOSPI,"섬유,의류,신발,호화품",-0.08949880668257759,434.0,2.637489729512511
009275.KS,신원우,섬유의복,KOSPI,"섬유,의류,신발,호화품",0.03956834532374098,1469.0,3.1670217957902564
009270.KS,신원,섬유의복,KOSPI,"섬유,의류,신발,호화품",-0.05168986083499005,1469.0,3.1670217957902564
008500.KS,일정실업,섬유의복,KOSPI,자동차부품,-0.005172413793103403,347.0,2.5403294747908736
005820.KS,원림,섬유의복,KOSPI,포장재,0.009920634920634885,546.0,2.7371926427047373
005800.KS,신영와코루,섬유의복,KOSPI,"섬유,의류,신발,호화품",-0.025862068965517238,1508.0,3.178401341533755
003610.KS,방림,섬유의복,KOSPI,"섬유,의류,신발,호화품",-0.024017467248908297,944.0,2.974971994298069
003200.KS,일신방직,섬유의복,KOSPI,"섬유,의류,신발,호화품",0.004201680672268893,2808.0,3.4483971034577676
002070.KS,남영비비안,섬유의복,KOSPI,"섬유,의류,신발,호화품",0.0022471910112360494,608.0,2.783903579272735
001530.KS,동일방직,섬유의복,KOSPI,"섬유,의류,신발,호화품",0.022108843537415046,1401.0,3.1464381352857744
001465.KS,BYC우,섬유의복,KOSPI,"섬유,의류,신발,호화품",-0.00835654596100277,2308.0,3.363235804483694
001460.KS,BYC,섬유의복,KOSPI,"섬유,의류,신발,호화품",-0.05769230769230771,2308.0,3.363235804483694
001070.KS,대한방직,섬유의복,KOSPI,"섬유,의류,신발,호화품",-0.1751152073732719,754.0,2.877371345869774
000950.KS,전방,섬유의복,KOSPI,"섬유,의류,신발,호화품",0.02429149797570851,414.0,2.617000341120899
000050.KS,경방,섬유의복,KOSPI,"섬유,의류,신발,호화품",-0.04587155963302747,4304.0,3.6338722626583326
155660.KS,DSR,섬유의복,KOSPI,비철금속,-0.049275362318840554,1029.0,3.012415374762433
213500.KS,한솔제지,종이목재,KOSPI,종이와목재,-0.012820512820512775,4534.0,3.6564815157904986
109070.KS,KGP,종이목재,KOSPI,종이와목재,0.3913043478260869,310.0,2.4913616938342726
009770.KS,삼정펄프,종이목재,KOSPI,가정용품,-0.02180685358255452,1120.0,3.0492180226701815
025750.KS,한솔홈데코,종이목재,KOSPI,건축자재,-0.009146341463414642,1293.0,3.111598524880394
027970.KS,세하,종이목재,KOSPI,포장재,-0.11212814645308922,452.0,2.655138434811382
016590.KS,신대양제지,종이목재,KOSPI,포장재,0.020547945205479534,1163.0,3.0655797147284485
014160.KS,대영포장,종이목재,KOSPI,포장재,-0.01717171717171717,1033.0,3.0141003215196207
012690.KS,모나리자,종이목재,KOSPI,가정용품,-0.08695652173913049,2059.0,3.3136563466180315
011280.KS,태림포장,종이목재,KOSPI,포장재,-0.0748752079866889,1947.0,3.2893659515200318
009580.KS,무림P&P,종이목재,KOSPI,종이와목재,0.1378504672897196,2962.0,3.47158505418519
009460.KS,한창제지,종이목재,KOSPI,포장재,-0.025316455696202556,701.0,2.8457180179666586
009200.KS,무림페이퍼,종이목재,KOSPI,종이와목재,0.027272727272727337,1178.0,3.0711452904510828
008250.KS,이건산업,종이목재,KOSPI,건축자재,-0.051162790697674376,951.0,2.978180516937414
006740.KS,영풍제지,종이목재,KOSPI,종이와목재,-0.035653650254668934,639.0,2.8055008581584002
004545.KS,깨끗한나라우,종이목재,KOSPI,가정용품,-0.04975124378109452,1992.0,3.29928933408768
004540.KS,깨끗한나라,종이목재,KOSPI,가정용품,-0.0462633451957295,1992.0,3.29928933408768
002870.KS,신풍제지,종이목재,KOSPI,포장재,-0.0935779816513761,339.0,2.530199698203082
002820.KS,선창산업,종이목재,KOSPI,종이와목재,-0.03196347031963476,1311.0,3.117602691690084
002310.KS,아세아제지,종이목재,KOSPI,포장재,0.030226700251889227,1805.0,3.256477206241677
002300.KS,한국제지,종이목재,KOSPI,종이와목재,-0.00995024875621886,1501.0,3.1763806922432702
002200.KS,수출포장,종이목재,KOSPI,포장재,0.08083832335329344,744.0,2.8715729355458786
001020.KS,페이퍼코리아,종이목재,KOSPI,종이와목재,-0.07753479125248508,942.0,2.9740509027928774
00088K.KS,한화3우B,화학,KOSPI,화학,0.0024937655860348684,34518.0,4.5380456244091425
214420.KS,토니모리,화학,KOSPI,화장품,-0.04387990762124716,3546.0,3.549738731264899
192820.KS,코스맥스,화학,KOSPI,화장품,-0.1015625,11406.0,4.057133367249087
014825.KS,동원시스템즈우,화학,KOSPI,포장재,-0.04370629370629375,13220.0,4.121231455149622
014820.KS,동원시스템즈,화학,KOSPI,포장재,-0.0248667850799289,13220.0,4.121231455149622
163560.KS,동일고무벨트,화학,KOSPI,기계,0.00990099009900991,1264.0,3.1017470739463664
161890.KS,한국콜마,화학,KOSPI,화장품,-0.1545667447306791,15213.0,4.182214865267536
161390.KS,한국타이어,화학,KOSPI,자동차부품,0.044334975369458185,79652.0,4.901196685071977
161000.KS,애경유화,화학,KOSPI,화학,0.21705426356589141,4838.0,3.684665864025861
008000.KS,도레이케미칼,화학,KOSPI,화학,-0.0078125,8855.0,3.9471885655260937
144620.KS,코오롱머티리얼,화학,KOSPI,"섬유,의류,신발,호화품",-0.11395348837209307,844.0,2.926342446625655
079980.KS,휴비스,화학,KOSPI,화학,-0.03266331658291455,2681.0,3.4282968139828798
078520.KS,에이블씨엔씨,화학,KOSPI,화장품,-0.02824858757062143,4383.0,3.6417714706539592
138490.KS,코오롱플라스틱,화학,KOSPI,화학,0.16463414634146334,2808.0,3.4483971034577676
134380.KS,미원화학,화학,KOSPI,화학,0.007429420505200568,1465.0,3.1658376246901283
120115.KS,코오롱인더우,화학,KOSPI,화학,-0.018292682926829285,17179.0,4.234997879686031
120110.KS,코오롱인더,화학,KOSPI,화학,-0.02269503546099294,17179.0,4.234997879686031
115390.KS,락앤락,화학,KOSPI,포장재,0.034965034965035,7810.0,3.8926510338773004
108675.KS,LG하우시스우,화학,KOSPI,건축자재,0.046280991735537125,9775.0,3.990116766067904
108670.KS,LG하우시스,화학,KOSPI,건축자재,-0.03947368421052633,9775.0,3.990116766067904
107590.KS,미원에스씨,화학,KOSPI,화학,-0.10099009900990097,1671.0,3.2229764498933915
093370.KS,후성,화학,KOSPI,화학,0.23681125439624862,9332.0,3.969974730121715
089470.KS,현대EP,화학,KOSPI,자동차부품,-0.049278846153846145,2488.0,3.3958503760187813
090355.KS,노루페인트우,화학,KOSPI,건축자재,0.03841931942919863,1660.0,3.220108088040055
090350.KS,노루페인트,화학,KOSPI,건축자재,-0.046697038724373585,1660.0,3.220108088040055
090435.KS,아모레퍼시픽우,화학,KOSPI,화장품,-0.12676056338028174,180344.0,5.256101698025397
090430.KS,아모레퍼시픽,화학,KOSPI,화장품,-0.11370262390670549,180344.0,5.256101698025397
083420.KS,KPX그린케미칼,화학,KOSPI,화학,-0.0022522522522522292,876.0,2.9425041061680806
073240.KS,금호타이어,화학,KOSPI,자동차부품,0.04160887656033285,11992.0,4.078891619840223
081000.KS,일진다이아,화학,KOSPI,비철금속,-0.07777777777777772,959.0,2.9818186071706636
014830.KS,유니드,화학,KOSPI,화학,-0.03500000000000003,4312.0,3.634678752178682
006890.KS,태경화학,화학,KOSPI,화학,-0.014814814814814836,618.0,2.790988475088816
011500.KS,한농화성,화학,KOSPI,화학,0.00588235294117645,788.0,2.8965262174895554
069260.KS,휴켐스,화학,KOSPI,화학,0.05108055009823187,10608.0,4.025633511060698
051915.KS,LG화학우,화학,KOSPI,화학,-0.0073710073710073765,204718.0,5.311156030044005
051910.KS,LG화학,화학,KOSPI,화학,-0.03642384105960261,204718.0,5.311156030044005
051905.KS,LG생활건강우,화학,KOSPI,화장품,0.009740259740259827,153371.0,5.185743249243907
051900.KS,LG생활건강,화학,KOSPI,화장품,0.011190233977619535,153371.0,5.185743249243907
051630.KS,진양화학,화학,KOSPI,화학,-0.02384737678855331,359.0,2.5550944485783194
035150.KS,백산,화학,KOSPI,"섬유,의류,신발,호화품",-0.0010845986984815426,2222.0,3.346744054604849
025860.KS,남해화학,화학,KOSPI,화학,-0.027027027027026973,5167.0,3.7132384615456617
025000.KS,KPX케미칼,화학,KOSPI,화학,0.0031007751937983663,3069.0,3.4869968884318228
024890.KS,대원화성,화학,KOSPI,"섬유,의류,신발,호화품",0.11410788381742742,1105.0,3.0433622780211294
024070.KS,WISCOM,화학,KOSPI,화학,0.019715224534501585,703.0,2.846955325019824
023450.KS,동남합성,화학,KOSPI,화학,-0.025684931506849362,855.0,2.931966114728173
015890.KS,태경산업,화학,KOSPI,비철금속,0.0792682926829269,1543.0,3.188365926063148
014680.KS,한솔케미칼,화학,KOSPI,화학,-0.07552083333333337,7760.0,3.8898617212581885
014530.KS,극동유화,화학,KOSPI,석유와가스,-0.004120879120879106,1268.0,3.1031192535457137
014440.KS,영보화학,화학,KOSPI,화학,-0.03626943005181349,921.0,2.964259630196849
012610.KS,경인양행,화학,KOSPI,화학,-0.0033821871476887866,1755.0,3.244277120801843
011790.KS,SKC,화학,KOSPI,화학,0.0600315955766193,12424.0,4.094261442720502
011785.KS,금호석유우,화학,KOSPI,화학,-0.04058441558441561,23034.0,4.362369362501049
011780.KS,금호석유,화학,KOSPI,화학,-0.06010230179028131,23034.0,4.362369362501049
011170.KS,롯데케미칼,화학,KOSPI,화학,-0.04576976421636614,119621.0,5.077807428678551
010955.KS,S-Oil우,화학,KOSPI,석유와가스,-0.05867970660146704,108642.0,5.035997751974799
010950.KS,S-Oil,화학,KOSPI,석유와가스,-0.08405797101449275,108642.0,5.035997751974799
010640.KS,진양폴리,화학,KOSPI,화학,-0.062365591397849474,221.0,2.3443922736851106
010060.KS,OCI,화학,KOSPI,화학,0.00786516853932584,21035.0,4.322942516353015
009835.KS,한화케미칼우,화학,KOSPI,화학,0.10122699386503076,51008.0,4.70763829538
009830.KS,한화케미칼,화학,KOSPI,화학,0.01342281879194629,51008.0,4.70763829538
008730.KS,율촌화학,화학,KOSPI,화학,0.014545454545454639,3422.0,3.5342800052050816
008490.KS,서흥,화학,KOSPI,생명과학도구및서비스,0.008547008547008517,3968.0,3.598571663482141
007690.KS,국도화학,화학,KOSPI,화학,-0.009433962264150941,3027.0,3.481012420956573
007590.KS,동방아그로,화학,KOSPI,화학,-0.02472527472527475,967.0,2.9854264740830017
007340.KS,동아타이어,화학,KOSPI,자동차부품,0.0,6371.0,3.8042076050820413
006650.KS,대한유화,화학,KOSPI,화학,-0.062962962962963,16315.0,4.212587078123894
006380.KS,카프로,화학,KOSPI,화학,-0.20874471086036672,2296.0,3.3609718837259357
006125.KS,SK케미칼우,화학,KOSPI,화학,0.052980132450331174,17474.0,4.242392331375743
006120.KS,SK케미칼,화학,KOSPI,화학,0.02649930264993028,17474.0,4.242392331375743
006060.KS,화승인더,화학,KOSPI,"섬유,의류,신발,호화품",-0.012474012474012475,5139.0,3.710878617685173
005950.KS,이수화학,화학,KOSPI,화학,-0.03975535168195721,2391.0,3.378579576115775
005420.KS,코스모화학,화학,KOSPI,화학,0.895368782161235,1360.0,3.1335389083702174
005190.KS,동성화학,화학,KOSPI,화학,0.018766756032171594,1034.0,3.0145205387579237
005070.KS,코스모신소재,화학,KOSPI,화학,0.3652482269503545,1086.0,3.035829825252828
004910.KS,조광페인트,화학,KOSPI,건축자재,-0.019138755980861233,1299.0,3.1136091510730277
004835.KS,덕성우,화학,KOSPI,"섬유,의류,신발,호화품",-0.05972222222222223,764.0,2.8830933585756897
004830.KS,덕성,화학,KOSPI,"섬유,의류,신발,호화품",-0.0799256505576208,764.0,2.8830933585756897
004800.KS,효성,화학,KOSPI,화학,-0.0029761904761904656,56890.0,4.755035933767772
004430.KS,송원산업,화학,KOSPI,화학,0.10050251256281406,5052.0,3.703463341883293
004255.KS,NPC우,화학,KOSPI,화학,0.0,2335.0,3.368286884902131
004250.KS,NPC,화학,KOSPI,화학,-0.021374045801526687,2335.0,3.368286884902131
004000.KS,롯데정밀화학,화학,KOSPI,화학,-0.07193396226415094,10372.0,4.015862508097314
003830.KS,대한화섬,화학,KOSPI,화학,-0.11199999999999999,1487.0,3.172310968521954
003780.KS,진양산업,화학,KOSPI,화학,0.01805555555555549,461.0,2.663700925389648
003720.KS,삼영화학,화학,KOSPI,화학,0.00990099009900991,515.0,2.711807229041191
003650.KS,미창석유,화학,KOSPI,석유와가스,-0.003456221198156695,1520.0,3.1818435879447726
003350.KS,한국화장품제조,화학,KOSPI,화장품,-0.09223300970873782,1242.0,3.0941215958405612
003240.KS,태광산업,화학,KOSPI,화학,-0.020909090909090877,12314.0,4.090399149255463
003080.KS,성보화학,화학,KOSPI,화학,0.002945508100147265,1349.0,3.1300119496719043
002960.KS,한국쉘석유,화학,KOSPI,석유와가스,-0.05188679245283023,5258.0,3.720820581770344
002840.KS,미원상사,화학,KOSPI,화학,-0.021691973969631184,1912.0,3.2814878879400813
002760.KS,보락,화학,KOSPI,식품,-0.07024793388429751,662.0,2.8208579894397
002380.KS,KCC,화학,KOSPI,건축자재,0.07116564417177917,44232.0,4.6457365769306795
002360.KS,SH에너지화학,화학,KOSPI,화학,0.13310580204778155,1706.0,3.231979026831504
002355.KS,넥센타이어1우B,화학,KOSPI,자동차부품,-0.006568144499178974,12775.0,4.10636090880675
002350.KS,넥센타이어,화학,KOSPI,자동차부품,0.0,12775.0,4.10636090880675
002100.KS,경농,화학,KOSPI,화학,-0.047770700636942665,1312.0,3.1179338350396413
001570.KS,금양,화학,KOSPI,화학,-0.014314928425357865,1025.0,3.010723865391773
001550.KS,조비,화학,KOSPI,화학,-0.09999999999999998,590.0,2.7708520116421442
001390.KS,KG케미칼,화학,KOSPI,화학,0.0035211267605634866,1644.0,3.215901813204032
001340.KS,백광산업,화학,KOSPI,화학,-0.07020280811232449,1307.0,3.116275587580544
000885.KS,한화우,화학,KOSPI,화학,0.07761732851985559,34518.0,4.5380456244091425
000880.KS,한화,화학,KOSPI,화학,-0.009404388714733591,34518.0,4.5380456244091425
000860.KS,강남제비스코,화학,KOSPI,건축자재,0.01808785529715773,2561.0,3.40840957846843
000390.KS,삼화페인트,화학,KOSPI,건축자재,-0.0036363636363636598,2104.0,3.3230457354817013
207940.KS,삼성바이오로직스,의약품,KOSPI,제약,0.3272727272727274,191217.0,5.281526500272678
234080.KS,JW생명과학,의약품,KOSPI,제약,0.039755351681957096,2688.0,3.429429264381788
249420.KS,일동제약,의약품,KOSPI,제약,-0.0752212389380531,4014.0,3.6035773681514667
214390.KS,경보제약,의약품,KOSPI,제약,-0.096551724137931,3120.0,3.494154594018443
185750.KS,종근당,의약품,KOSPI,제약,-0.012145748987854255,11667.0,4.0669591978671225
170900.KS,동아에스티,의약품,KOSPI,제약,-0.10917874396135263,7633.0,3.882695262381597
005690.KS,파미셀,의약품,KOSPI,화학,0.014423076923076872,2433.0,3.3861421089308186
128940.KS,한미약품,의약품,KOSPI,제약,-0.023560209424083767,41137.0,4.614232616698708
102460.KS,이연제약,의약품,KOSPI,제약,0.0,3664.0,3.563955464995813
017180.KS,명문제약,의약품,KOSPI,제약,0.24329501915708818,1546.0,3.189209489582306
033270.KS,유나이티드제약,의약품,KOSPI,제약,0.03846153846153855,3169.0,3.5009222391903005
002630.KS,오리엔트바이오,의약품,KOSPI,자동차부품,-0.08633093525179858,2058.0,3.313445370426414
069620.KS,대웅제약,의약품,KOSPI,제약,-0.11351909184726527,9837.0,3.9928626713890276
063160.KS,종근당바이오,의약품,KOSPI,제약,-0.010822510822510845,1179.0,3.071513805095089
019175.KS,신풍제약우,의약품,KOSPI,제약,-0.008281573498964856,3343.0,3.5241363765925686
019170.KS,신풍제약,의약품,KOSPI,제약,-0.012269938650306789,3343.0,3.5241363765925686
016580.KS,환인제약,의약품,KOSPI,제약,0.0372492836676217,3376.0,3.5284024379536176
009420.KS,한올바이오파마,의약품,KOSPI,제약,-0.10921501706484638,6661.0,3.823539433656859
009290.KS,광동제약,의약품,KOSPI,제약,-0.05812701829924649,4524.0,3.6555225962534177
007575.KS,일양약품우,의약품,KOSPI,제약,-0.10017271157167529,7447.0,3.871981353843369
007570.KS,일양약품,의약품,KOSPI,제약,-0.04900816802800467,7447.0,3.871981353843369
006280.KS,녹십자,의약품,KOSPI,제약,-0.030555555555555558,20451.0,4.310714548718119
005500.KS,삼진제약,의약품,KOSPI,제약,-0.054441260744985676,4566.0,3.6595359071542166
004720.KS,우리들제약,의약품,KOSPI,제약,-0.13908629441624365,911.0,2.9595183769729982
004310.KS,현대약품,의약품,KOSPI,제약,-0.03177966101694918,1303.0,3.1149444157125847
003850.KS,보령제약,의약품,KOSPI,제약,-0.04743833017077803,4318.0,3.635282637998212
003520.KS,영진약품,의약품,KOSPI,제약,-0.09199999999999997,20301.0,4.307517431203132
003220.KS,대원제약,의약품,KOSPI,제약,-0.09490740740740744,3541.0,3.5491259267581112
003120.KS,일성신약,의약품,KOSPI,제약,-0.03424657534246578,3511.0,3.545430829465351
003060.KS,에이프로젠제약,의약품,KOSPI,제약,0.05228758169934644,3150.0,3.4983105537896004
003000.KS,부광약품,의약품,KOSPI,제약,-0.06768558951965065,9448.0,3.975339884605458
002720.KS,국제약품,의약품,KOSPI,제약,-0.02050113895216399,731.0,2.8639173769578603
002390.KS,한독,의약품,KOSPI,제약,0.01976284584980248,3237.0,3.5101426994025733
002250.KS,알보젠코리아,의약품,KOSPI,제약,-0.021052631578947323,3308.0,3.519565500880509
002210.KS,동성제약,의약품,KOSPI,제약,0.027811366384522307,933.0,2.9698816437465
001360.KS,삼성제약,의약품,KOSPI,제약,-0.015306122448979553,1523.0,3.1826999033360424
001067.KS,JW중외제약2우B,의약품,KOSPI,제약,-0.0461538461538461,9052.0,3.956744545282691
001065.KS,JW중외제약우,의약품,KOSPI,제약,-0.05660377358490565,9052.0,3.956744545282691
001060.KS,JW중외제약,의약품,KOSPI,제약,-0.09248554913294793,9052.0,3.956744545282691
000520.KS,삼일제약,의약품,KOSPI,제약,0.0213776722090262,478.0,2.6794278966121188
000230.KS,일동홀딩스,의약품,KOSPI,제약,-0.08064516129032262,1768.0,3.2474822606770544
000227.KS,유유제약2우B,의약품,KOSPI,제약,0.18333333333333335,705.0,2.848189116991399
000225.KS,유유제약1우,의약품,KOSPI,제약,0.07090103397341219,705.0,2.848189116991399
000220.KS,유유제약,의약품,KOSPI,제약,0.052863436123347984,705.0,2.848189116991399
000105.KS,유한양행우,의약품,KOSPI,제약,0.08923076923076922,28056.0,4.448025752873446
000100.KS,유한양행,의약품,KOSPI,제약,-0.016000000000000014,28056.0,4.448025752873446
000020.KS,동화약품,의약품,KOSPI,제약,-0.05784204671857618,2355.0,3.371990911464915
004440.KS,대림씨엔에스,비금속광물,KOSPI,건축자재,-0.017142857142857126,2215.0,3.3453737305590883
152330.KS,코리아오토글라스,비금속광물,KOSPI,자동차부품,-0.015544041450777257,3800.0,3.57978359661681
183190.KS,아세아시멘트,비금속광물,KOSPI,건축자재,-0.010613207547169767,2792.0,3.4459154139511234
047400.KS,쌍용머티리얼,비금속광물,KOSPI,비철금속,-0.10921501706484638,1073.0,3.030599721965951
001529.KS,동양3우B,비금속광물,KOSPI,건축자재,-0.029940119760479056,5311.0,3.725176301419137
001560.KS,제일연마,비금속광물,KOSPI,비철금속,-0.0064102564102563875,624.0,2.795184589682424
001527.KS,동양2우B,비금속광물,KOSPI,건축자재,0.11382113821138207,5311.0,3.725176301419137
001525.KS,동양우,비금속광물,KOSPI,건축자재,0.07906976744186056,5311.0,3.725176301419137
001520.KS,동양,비금속광물,KOSPI,건축자재,-0.07894736842105265,5311.0,3.725176301419137
004989.KS,성신양회3우B,비금속광물,KOSPI,건축자재,0.0,1717.0,3.2347702951609163
014580.KS,백광소재,비금속광물,KOSPI,비철금속,-0.02076124567474047,794.0,2.8998205024270964
011390.KS,부산산업,비금속광물,KOSPI,건축자재,-0.05422993492407813,459.0,2.661812685537261
010780.KS,아이에스동서,비금속광물,KOSPI,건설,-0.08618899273104885,13154.0,4.119057837523237
010040.KS,한국내화,비금속광물,KOSPI,비철금속,0.032786885245901676,712.0,2.8524799936368566
008870.KS,금비,비금속광물,KOSPI,포장재,-0.053937432578209266,873.0,2.9410142437055695
007210.KS,벽산,비금속광물,KOSPI,건축자재,-0.055023923444976086,2701.0,3.431524584187451
006390.KS,현대시멘트,비금속광물,KOSPI,건축자재,-0.13603818615751795,2866.0,3.4572761860613257
005750.KS,대림B&Co,비금속광물,KOSPI,건축제품,-0.1209927611168563,1429.0,3.1550322287909704
005090.KS,삼광글라스,비금속광물,KOSPI,포장재,-0.03538461538461535,3010.0,3.4785664955938436
004987.KS,성신양회2우B,비금속광물,KOSPI,건축자재,0.03219106957424711,1717.0,3.2347702951609163
004985.KS,성신양회우,비금속광물,KOSPI,건축자재,-0.03374777975133214,1717.0,3.2347702951609163
004980.KS,성신양회,비금속광물,KOSPI,건축자재,-0.11097560975609755,1717.0,3.2347702951609163
004090.KS,한국석유,비금속광물,KOSPI,화학,-0.018181818181818188,708.0,2.850033257689769
003415.KS,쌍용양회우,비금속광물,KOSPI,건축자재,0.030716723549488067,14864.0,4.172135696649566
003410.KS,쌍용양회,비금속광물,KOSPI,건축자재,-0.06389776357827481,14864.0,4.172135696649566
003300.KS,한일시멘트,비금속광물,KOSPI,건축자재,-0.10852713178294571,8375.0,3.9229848157088827
002005.KS,한국유리우,비금속광물,KOSPI,건축제품,0.17500000000000004,3165.0,3.500373714353374
002000.KS,한국유리,비금속광물,KOSPI,건축제품,0.13138686131386867,3165.0,3.500373714353374
000910.KS,유니온,비금속광물,KOSPI,건축자재,-0.008474576271186418,631.0,2.8000293592441343
000480.KS,조선내화,비금속광물,KOSPI,비철금속,-0.009933774834437137,3564.0,3.5519376953648374
004870.KS,티웨이홀딩스,비금속광물,KOSPI,항공사,0.3225331369661266,2833.0,3.452246574520437
002690.KS,동일제강,철강금속,KOSPI,철강,-0.0013568521031207537,554.0,2.74350976472843
133820.KS,화인베스틸,철강금속,KOSPI,조선,-0.0949494949494949,743.0,2.8709888137605755
019440.KS,세아특수강,철강금속,KOSPI,철강,0.020134228187919545,1971.0,3.2946866242794433
012160.KS,영흥철강,철강금속,KOSPI,철강,-0.060975609756097615,1309.0,3.116939646550756
032560.KS,황금에스티,철강금속,KOSPI,비철금속,-0.036717062634989195,1260.0,3.100370545117563
026940.KS,부국철강,철강금속,KOSPI,철강,-0.0032414910858995505,622.0,2.7937903846908188
104700.KS,한국철강,철강금속,KOSPI,철강,0.20157068062827221,4260.0,3.629409599102719
103140.KS,풍산,철강금속,KOSPI,비철금속,0.03864734299516903,12275.0,4.089021500795006
001780.KS,알루코,철강금속,KOSPI,비철금속,-0.0826446280991735,3290.0,3.5171958979499744
084010.KS,대한제강,철강금속,KOSPI,철강,0.25233644859813076,3327.0,3.5220528008688223
004890.KS,동일산업,철강금속,KOSPI,철강,0.016438356164383494,1814.0,3.2586372827240764
071090.KS,하이스틸,철강금속,KOSPI,철강,-0.06554307116104874,500.0,2.6989700043360187
069730.KS,DSR제강,철강금속,KOSPI,철강,-0.05936073059360736,880.0,2.9444826721501687
069460.KS,대호에이엘,철강금속,KOSPI,비철금속,0.03658536585365857,453.0,2.656098202012832
058430.KS,포스코강판,철강금속,KOSPI,비철금속,0.2142857142857142,2460.0,3.3909351071033793
014285.KS,금강공업우,철강금속,KOSPI,건축제품,-0.08588235294117652,1889.0,3.2762319579218335
014280.KS,금강공업,철강금속,KOSPI,건축제품,-0.011406844106463865,1889.0,3.2762319579218335
025820.KS,이구산업,철강금속,KOSPI,비철금속,0.02330508474576276,778.0,2.890979596989689
024090.KS,디씨엠,철강금속,KOSPI,비철금속,0.05769230769230771,1580.0,3.1986570869544226
021050.KS,서원,철강금속,KOSPI,비철금속,0.047770700636942776,755.0,2.8779469516291885
018470.KS,조일알미늄,철강금속,KOSPI,비철금속,0.045454545454545414,1093.0,3.038620161949703
016385.KS,동부제철우,철강금속,KOSPI,철강,-0.1122715404699739,3238.0,3.510276844417355
016380.KS,동부제철,철강금속,KOSPI,철강,-0.137123745819398,3238.0,3.510276844417355
012800.KS,대창,철강금속,KOSPI,비철금속,0.04054054054054057,1044.0,3.0187004986662433
010130.KS,고려아연,철강금속,KOSPI,비철금속,0.041095890410958846,85953.0,4.934261039379189
009190.KS,대양금속,철강금속,KOSPI,비철금속,0.0023121387283238093,540.0,2.7323937598229686
008970.KS,동양철관,철강금속,KOSPI,철강,0.028673835125448077,1204.0,3.0806264869218056
008420.KS,문배철강,철강금속,KOSPI,철강,0.0,707.0,2.8494194137968996
008355.KS,남선알미우,철강금속,KOSPI,건축제품,0.031590413943355156,1465.0,3.1658376246901283
008350.KS,남선알미늄,철강금속,KOSPI,건축제품,0.018939393939394034,1465.0,3.1658376246901283
008260.KS,NI스틸,철강금속,KOSPI,철강,0.11003627569528418,1301.0,3.1142772965615864
007280.KS,한국특수형강,철강금속,KOSPI,철강,0.13705583756345185,378.0,2.5774917998372255
006110.KS,삼아알미늄,철강금속,KOSPI,비철금속,-0.03422982885085579,427.0,2.630427875025024
005490.KS,POSCO,철강금속,KOSPI,철강,0.01773049645390068,253714.0,5.4043444323576875
005010.KS,휴스틸,철강금속,KOSPI,철강,0.003154574132492094,1104.0,3.0429690733931802
004565.KS,현대비앤지스틸우,철강금속,KOSPI,비철금속,0.03365906623235615,2013.0,3.3038437748886547
004560.KS,현대비앤지스틸,철강금속,KOSPI,비철금속,0.04633204633204624,2013.0,3.3038437748886547
004020.KS,현대제철,철강금속,KOSPI,철강,0.05067567567567566,81535.0,4.911344075536678
003030.KS,세아제강,철강금속,KOSPI,철강,0.018867924528301883,6060.0,3.782472624166286
002710.KS,TCC동양,철강금속,KOSPI,철강,-0.03718199608610573,563.0,2.7505083948513462
002240.KS,고려제강,철강금속,KOSPI,철강,-0.03749999999999998,6993.0,3.8446635282402393
002220.KS,한일철강,철강금속,KOSPI,철강,-0.05132450331125826,595.0,2.7745169657285498
001770.KS,신화실업,철강금속,KOSPI,철강,-0.022774327122153215,278.0,2.444044795918076
001430.KS,세아베스틸,철강금속,KOSPI,철강,0.07381370826010536,11010.0,4.0417873189717515
001230.KS,동국제강,철강금속,KOSPI,철강,0.17199999999999993,14363.0,4.1572451604751945
001080.KS,만호제강,철강금속,KOSPI,철강,0.015625,813.0,2.910090545594068
000970.KS,한국주철관,철강금속,KOSPI,철강,0.04499999999999993,2303.0,3.362293937964231
000670.KS,영풍,철강금속,KOSPI,비철금속,0.11238095238095247,21055.0,4.323355245756284
079550.KS,LIG넥스원,기계,KOSPI,우주항공과국방,-0.09756097560975607,16346.0,4.213411494582782
145210.KS,세화아이엠씨,기계,KOSPI,자동차부품,-0.06359300476947538,681.0,2.833147111912785
210540.KS,디와이파워,기계,KOSPI,기계,0.20921985815602828,1816.0,3.2591158441850663
112610.KS,씨에스윈드,기계,KOSPI,기계,0.17234042553191498,4503.0,3.653501946962933
082740.KS,두산엔진,기계,KOSPI,조선,0.06265664160400997,3141.0,3.497067936398505
120030.KS,조선선재,기계,KOSPI,철강,0.02809706257982114,1009.0,3.0038911662369103
119650.KS,KC코트렐,기계,KOSPI,기계,-0.10094637223974767,715.0,2.8543060418010806
071970.KS,STX중공업,기계,KOSPI,기계,-0.03791469194312791,2437.0,3.386855529184724
012600.KS,청호컴넷,기계,KOSPI,컴퓨터와주변기기,0.0037688442211054607,333.0,2.5224442335063197
100840.KS,S&TC,기계,KOSPI,기계,-0.04469273743016755,1211.0,3.0831441431430524
085310.KS,엔케이,기계,KOSPI,기계,-0.07796610169491525,637.0,2.8041394323353503
092440.KS,기신정기,기계,KOSPI,기계,0.010952902519167473,1371.0,3.1370374547895126
091090.KS,세원셀론텍,기계,KOSPI,석유와가스,0.06548672566371683,1815.0,3.258876629372131
049800.KS,우진플라임,기계,KOSPI,기계,0.21186440677966112,1420.0,3.1522883443830563
017960.KS,한국카본,기계,KOSPI,조선,-0.006033182503770718,2932.0,3.4671639659690903
042700.KS,한미반도체,기계,KOSPI,반도체와반도체장비,0.07133757961783438,5519.0,3.7418603940652635
058730.KS,동아에스텍,기계,KOSPI,건축제품,0.022911051212938016,1161.0,3.064832219738574
077970.KS,STX엔진,기계,KOSPI,조선,0.03542234332425065,4533.0,3.656385719058688
010820.KS,퍼스텍,기계,KOSPI,우주항공과국방,0.029891304347826164,1793.0,3.253580289562183
074610.KS,이엔쓰리,기계,KOSPI,기계,0.1675126903553299,985.0,2.9934362304976116
017370.KS,우신시스템,기계,KOSPI,자동차부품,0.009957325746799528,1240.0,3.093421685162235
042670.KS,두산인프라코어,기계,KOSPI,기계,0.06022584692597244,17094.0,4.23284369962312
034020.KS,두산중공업,기계,KOSPI,기계,-0.08114035087719296,22569.0,4.35351231653885
025890.KS,한국주강,기계,KOSPI,기계,-0.014657980456026065,340.0,2.531478917042255
018880.KS,한온시스템,기계,KOSPI,자동차부품,-0.004830917874396157,58451.0,4.766791945622185
017800.KS,현대엘리베이,기계,KOSPI,기계,-0.017628205128205177,15075.0,4.178257320812189
017550.KS,수산중공업,기계,KOSPI,기계,-0.0714285714285714,888.0,2.948412965778601
015590.KS,대경기계,기계,KOSPI,기계,-0.016731016731016735,705.0,2.848189116991399
012205.KS,계양전기우,기계,KOSPI,기계,0.007109004739336511,1738.0,3.2400497721126476
012200.KS,계양전기,기계,KOSPI,기계,-0.0036900369003689537,1738.0,3.2400497721126476
011700.KS,한신기계,기계,KOSPI,기계,-0.04457831325301209,1275.0,3.1055101847699738
010660.KS,화천기계,기계,KOSPI,기계,0.04357298474945526,521.0,2.7168377232995247
009310.KS,참엔지니어링,기계,KOSPI,디스플레이장비및부품,0.05123339658444026,1257.0,3.0993352776859577
009160.KS,SIMPAC,기계,KOSPI,기계,-0.006302521008403339,1364.0,3.13481437032046
007460.KS,나라케이아이씨,기계,KOSPI,기계,-0.05731225296442688,411.0,2.6138418218760693
006570.KS,대림통상,기계,KOSPI,건축제품,-0.07868852459016396,837.0,2.92272545799326
004450.KS,삼화왕관,기계,KOSPI,포장재,0.06302521008403361,1122.0,3.0499928569201424
004380.KS,삼익THK,기계,KOSPI,기계,0.1645161290322581,3790.0,3.578639209968072
002900.KS,동양물산,기계,KOSPI,기계,-0.09777777777777774,1334.0,3.12515582958053
000850.KS,화천기공,기계,KOSPI,기계,0.050751879699248104,1203.0,3.0802656273398448
000490.KS,대동공업,기계,KOSPI,기계,0.02917771883289122,1922.0,3.2837533833325265
195870.KS,해성디에스,전기전자,KOSPI,반도체와반도체장비,-0.10972568578553621,2916.0,3.4647875196459372
192400.KS,쿠쿠전자,전기전자,KOSPI,가정용기기와용품,-0.039735099337748325,14166.0,4.15124723746237
00781K.KS,코리아써키트2우B,전기전자,KOSPI,전자장비와기기,0.054896142433234374,3697.0,3.5678494505731067
020150.KS,일진머티리얼즈,전기전자,KOSPI,전자장비와기기,0.41371681415929196,12034.0,4.080410007155637
103130.KS,웅진에너지,전기전자,KOSPI,화학,-0.030513176144244092,1693.0,3.2286569581089353
000995.KS,동부하이텍1우,전기전자,KOSPI,반도체와반도체장비,0.027851458885941538,9650.0,3.9845273133437926
000990.KS,동부하이텍,전기전자,KOSPI,반도체와반도체장비,0.125,9650.0,3.9845273133437926
011930.KS,신성이엔지,전기전자,KOSPI,에너지장비및서비스,0.07281553398058249,3685.0,3.56643749219507
103590.KS,일진전기,전기전자,KOSPI,전기장비,-0.030271398747390377,1704.0,3.2314695904306814
011070.KS,LG이노텍,전기전자,KOSPI,전자장비와기기,0.23134328358208944,37276.0,4.57142930306149
009450.KS,경동나비엔,전기전자,KOSPI,가정용기기와용품,0.07455012853470433,4968.0,3.6961815871685237
044380.KS,주연테크,전기전자,KOSPI,컴퓨터와주변기기,-0.23636363636363633,603.0,2.780317312140151
092220.KS,KEC,전기전자,KOSPI,반도체와반도체장비,-0.1116071428571429,914.0,2.960946195733831
020760.KS,일진디스플,전기전자,KOSPI,디스플레이패널,0.21084337349397586,2214.0,3.345177616542704
034220.KS,LG디스플레이,전기전자,KOSPI,디스플레이패널,0.138036809815951,137759.0,5.139119981553989
007660.KS,이수페타시스,전기전자,KOSPI,전자장비와기기,0.010905125408942284,1946.0,3.289142835932333
066575.KS,LG전자우,전기전자,KOSPI,전자제품,0.08536585365853666,130755.0,5.116458305041347
066570.KS,LG전자,전기전자,KOSPI,전자제품,-0.027878787878787836,130755.0,5.116458305041347
033180.KS,필룩스,전기전자,KOSPI,전기제품,-0.18012422360248448,970.0,2.9867717342662448
033240.KS,자화전자,전기전자,KOSPI,전자장비와기기,0.27138643067846613,3670.0,3.5646660642520893
029530.KS,신도리코,전기전자,KOSPI,사무용전자제품,0.031078610603290757,5826.0,3.7653704802916486
026890.KS,디피씨,전기전자,KOSPI,전기제품,-0.016778523489932917,1830.0,3.2624510897304293
025540.KS,한국단자,전기전자,KOSPI,자동차부품,-0.013812154696132617,7415.0,3.870111155364401
019490.KS,하이트론,전기전자,KOSPI,통신장비,-0.02006018054162484,272.0,2.4345689040341987
019180.KS,티에이치엔,전기전자,KOSPI,자동차부품,-0.1071428571428571,374.0,2.5728716022004803
017900.KS,광전자,전기전자,KOSPI,전자장비와기기,-0.03305785123966942,1394.0,3.144262773761991
017040.KS,광명전기,전기전자,KOSPI,전기장비,-0.09283387622149841,1222.0,3.0870712059065353
015260.KS,에이엔피,전기전자,KOSPI,자동차부품,-0.08602150537634412,609.0,2.784617292632875
014915.KS,성문전자우,전기전자,KOSPI,전기제품,-0.11479289940828408,374.0,2.5728716022004803
014910.KS,성문전자,전기전자,KOSPI,전기제품,-0.14417744916820707,374.0,2.5728716022004803
011690.KS,유양디앤유,전기전자,KOSPI,디스플레이장비및부품,0.07880434782608692,2053.0,3.312388949370592
011230.KS,삼화전자,전기전자,KOSPI,전자장비와기기,0.006198347107438051,343.0,2.5352941200427703
010120.KS,LS산전,전기전자,KOSPI,전기장비,0.018248175182481674,16380.0,4.214313897424399
009470.KS,삼화전기,전기전자,KOSPI,전기제품,0.1356184798807749,476.0,2.677606952720493
009155.KS,삼성전기우,전기전자,KOSPI,전자장비와기기,0.2938331318016929,73275.0,4.864955827110473
009150.KS,삼성전기,전기전자,KOSPI,전자장비와기기,0.23636363636363633,73275.0,4.864955827110473
009140.KS,경인전자,전기전자,KOSPI,전자제품,0.0,342.0,2.534026106056135
008700.KS,아남전자,전기전자,KOSPI,전자제품,-0.1586826347305389,2190.0,3.3404441148401185
008110.KS,대동전자,전기전자,KOSPI,전자장비와기기,-0.025960539979231534,484.0,2.6848453616444123
008060.KS,대덕전자,전기전자,KOSPI,전자장비와기기,0.03755868544600949,5319.0,3.7258299903205803
007815.KS,코리아써우,전기전자,KOSPI,전자장비와기기,0.08275862068965512,3697.0,3.5678494505731067
007810.KS,코리아써키트,전기전자,KOSPI,전자장비와기기,0.07594936708860756,3697.0,3.5678494505731067
007630.KS,암니스,전기전자,KOSPI,통신장비,-0.09552238805970148,608.0,2.783903579272735
007610.KS,선도전기,전기전자,KOSPI,전기장비,-0.09020618556701032,645.0,2.8095597146352675
006405.KS,삼성SDI우,전기전자,KOSPI,전기제품,0.10294117647058831,115868.0,5.063963510663216
006400.KS,삼성SDI,전기전자,KOSPI,전기제품,0.03625377643504524,115868.0,5.063963510663216
006345.KS,대원전선우,전기전자,KOSPI,전기장비,-0.14956011730205276,960.0,2.9822712330395684
006340.KS,대원전선,전기전자,KOSPI,전기장비,-0.057046979865771785,960.0,2.9822712330395684
005935.KS,삼성전자우,전기전자,KOSPI,반도체와반도체장비,0.06460834762721546,3070710.0,6.487238803305084
005930.KS,삼성전자,전기전자,KOSPI,반도체와반도체장비,0.06353467561521242,3070710.0,6.487238803305084
005870.KS,휴니드,전기전자,KOSPI,우주항공과국방,-0.013452914798206317,1567.0,3.1950689964685903
005680.KS,삼영전자,전기전자,KOSPI,전기제품,-0.01773049645390068,2710.0,3.432969290874406
004770.KS,써니전자,전기전자,KOSPI,전자장비와기기,-0.13085621970920835,806.0,2.906335041805091
004710.KS,한솔테크닉스,전기전자,KOSPI,디스플레이장비및부품,0.04938271604938271,3615.0,3.5581083016305497
004490.KS,세방전지,전기전자,KOSPI,자동차부품,0.020539152759948553,5467.0,3.7377490738915573
004135.KS,대덕GDS우,전기전자,KOSPI,전자장비와기기,0.014218009478673022,3704.0,3.5686709780098966
004130.KS,대덕GDS,전기전자,KOSPI,전자장비와기기,0.038567493112947604,3704.0,3.5686709780098966
001820.KS,삼화콘덴서,전기전자,KOSPI,전기제품,0.28990228013029307,2053.0,3.312388949370592
001440.KS,대한전선,전기전자,KOSPI,전기장비,0.0,11862.0,4.074157919697316
001210.KS,금호전기,전기전자,KOSPI,디스플레이장비및부품,-0.013761467889908285,730.0,2.863322860120456
000660.KS,SK하이닉스,전기전자,KOSPI,반도체와반도체장비,0.1824561403508771,479026.0,5.680359086170485
000500.KS,가온전선,전기전자,KOSPI,전기장비,0.032258064516129004,1061.0,3.025715383901341
145720.KS,덴티움,의료정밀,KOSPI,건강관리장비와용품,0.27448453608247414,5224.0,3.7180031682670176
105840.KS,우진,의료정밀,KOSPI,기계,0.015789473684210575,970.0,2.9867717342662448
029460.KS,케이씨텍,의료정밀,KOSPI,반도체와반도체장비,0.22774869109947637,7480.0,3.8739015978644615
025560.KS,미래산업,의료정밀,KOSPI,반도체와반도체장비,-0.014285714285714235,1728.0,3.2375437381428744
003160.KS,디아이,의료정밀,KOSPI,반도체와반도체장비,-0.07290533188248094,1317.0,3.119585774961784
143210.KS,핸즈코퍼레이션,운수장비,KOSPI,자동차부품,0.016574585635359185,1981.0,3.296884475538547
016740.KS,두올,운수장비,KOSPI,자동차부품,0.24507658643326047,991.0,2.9960736544852753
012450.KS,한화테크윈,운수장비,KOSPI,우주항공과국방,-0.10910910910910909,22907.0,4.359968215825905
075580.KS,세진중공업,운수장비,KOSPI,조선,0.1721311475409837,1558.0,3.1925674533365456
214330.KS,금호에이치티,운수장비,KOSPI,자동차부품,-0.0014430014430014682,664.0,2.8221680793680175
009320.KS,대우부품,운수장비,KOSPI,자동차부품,0.041269841269841345,767.0,2.884795363948981
001380.KS,SG충방,운수장비,KOSPI,자동차부품,0.18644067796610164,1833.0,3.2631624649622166
204320.KS,만도,운수장비,KOSPI,자동차부품,-0.0019379844961240345,23526.0,4.371548092683851
200880.KS,서연이화,운수장비,KOSPI,자동차부품,-0.05660377358490565,3946.0,3.5961570809161723
064350.KS,현대로템,운수장비,KOSPI,기계,-0.057077625570776225,17595.0,4.24538927117121
013870.KS,지엠비코리아,운수장비,KOSPI,자동차부품,-0.035778175313059046,1034.0,3.0145205387579237
023000.KS,삼원강재,운수장비,KOSPI,자동차부품,-0.001315789473684159,1508.0,3.178401341533755
047810.KS,한국항공우주,운수장비,KOSPI,우주항공과국방,-0.10377358490566035,57120.0,4.756788198768118
011210.KS,현대위아,운수장비,KOSPI,자동차부품,0.011594202898550732,18683.0,4.271446613801764
123700.KS,SJM,운수장비,KOSPI,자동차부품,-0.01607717041800638,944.0,2.974971994298069
092200.KS,디아이씨,운수장비,KOSPI,자동차부품,-0.042654028436018954,2183.0,3.339053735709139
001420.KS,태원물산,운수장비,KOSPI,자동차부품,-0.042744656917885315,320.0,2.505149978319906
090080.KS,평화산업,운수장비,KOSPI,자동차부품,-0.046511627906976716,612.0,2.7867514221455614
075180.KS,새론오토모티브,운수장비,KOSPI,자동차부품,0.02493438320209984,1505.0,3.1775364999298623
013520.KS,화승알앤에이,운수장비,KOSPI,자동차부품,-0.014326647564469885,2205.0,3.3434085938038574
002880.KS,대유에이텍,운수장비,KOSPI,자동차부품,-0.03678929765886285,1259.0,3.1000257301078626
000300.KS,대유플러스,운수장비,KOSPI,자동차부품,-0.018018018018018056,947.0,2.9763499790032735
041650.KS,상신브레이크,운수장비,KOSPI,자동차부품,-0.013831258644536604,1544.0,3.188647295999717
023810.KS,인팩,운수장비,KOSPI,자동차부품,0.03662420382165599,645.0,2.8095597146352675
033530.KS,세종공업,운수장비,KOSPI,자동차부품,-0.04206098843322814,1793.0,3.253580289562183
064960.KS,S&T모티브,운수장비,KOSPI,자동차부품,0.08836206896551735,7224.0,3.8587777373054495
033250.KS,체시스,운수장비,KOSPI,자동차부품,0.05439330543933063,300.0,2.4771212547196626
024900.KS,덕양산업,운수장비,KOSPI,자동차부품,-0.05993690851735012,484.0,2.6848453616444123
023800.KS,인지컨트롤스,운수장비,KOSPI,자동차부품,-0.02108963093145866,814.0,2.910624404889201
021820.KS,세원정공,운수장비,KOSPI,자동차부품,-0.007894736842105288,1865.0,3.2706788361447066
018500.KS,동원금속,운수장비,KOSPI,자동차부품,-0.07994186046511631,1147.0,3.0595634179012676
015230.KS,대창단조,운수장비,KOSPI,기계,0.02586206896551735,1182.0,3.0726174765452368
012330.KS,현대모비스,운수장비,KOSPI,자동차부품,-0.08925318761384338,243846.0,5.387115635908001
012280.KS,영화금속,운수장비,KOSPI,자동차부품,-0.016393442622950838,798.0,2.9020028913507296
010690.KS,화신,운수장비,KOSPI,자동차부품,0.10689655172413803,2148.0,3.332034277027518
010620.KS,현대미포조선,운수장비,KOSPI,조선,0.07389162561576357,21600.0,4.334453751150931
010580.KS,지코,운수장비,KOSPI,자동차부품,-0.003232758620689613,417.0,2.6201360549737576
010145.KS,삼성중공우,운수장비,KOSPI,조선,0.11831626848691701,48555.0,4.686233958458255
010140.KS,삼성중공업,운수장비,KOSPI,조선,0.012195121951219523,48555.0,4.686233958458255
010100.KS,한국프랜지,운수장비,KOSPI,자동차부품,0.04230769230769238,804.0,2.905256048748451
009680.KS,모토닉,운수장비,KOSPI,자동차부품,0.13107822410147985,3465.0,3.5397032389478253
009540.KS,현대중공업,운수장비,KOSPI,조선,0.020231213872832443,98598.0,4.993868105633167
006660.KS,삼성공조,운수장비,KOSPI,자동차부품,0.10188679245283017,1130.0,3.0530784434834195
005850.KS,에스엘,운수장비,KOSPI,자동차부품,0.04096385542168668,7146.0,3.854063011866421
005389.KS,현대차3우B,운수장비,KOSPI,자동차,0.0725075528700907,349138.0,5.542997119774306
005387.KS,현대차2우B,운수장비,KOSPI,자동차,0.026431718061673992,349138.0,5.542997119774306
005385.KS,현대차우,운수장비,KOSPI,자동차,0.0660377358490567,349138.0,5.542997119774306
005380.KS,현대차,운수장비,KOSPI,자동차,-0.021472392638036797,349138.0,5.542997119774306
005030.KS,부산주공,운수장비,KOSPI,자동차부품,-0.2520833333333333,463.0,2.6655809910179533
004105.KS,태양금속우,운수장비,KOSPI,자동차부품,-0.03575418994413404,903.0,2.9556877503135057
004100.KS,태양금속,운수장비,KOSPI,자동차부품,0.028806584362139898,903.0,2.9556877503135057
003620.KS,쌍용차,운수장비,KOSPI,자동차,-0.05524861878453036,9187.0,3.963173716375252
003570.KS,S&T중공업,운수장비,KOSPI,자동차부품,0.06608884073672816,3091.0,3.4900990050633047
002920.KS,유성기업,운수장비,KOSPI,자동차부품,-0.07158590308370039,1079.0,3.0330214446829107
001620.KS,동국실업,운수장비,KOSPI,자동차부품,-0.027504911591355596,709.0,2.8506462351830666
000430.KS,대원강업,운수장비,KOSPI,자동차부품,0.0010660980810235365,2877.0,3.458939861890326
000270.KS,기아차,운수장비,KOSPI,자동차,-0.0217669654289373,154038.0,5.187627871190615
000040.KS,KR모터스,운수장비,KOSPI,자동차,0.019101123595505642,1607.0,3.2060158767633444
194370.KS,제이에스코퍼레이션,기타제조,KOSPI,"섬유,의류,신발,호화품",-0.05707196029776673,2338.0,3.3688445068258215
071950.KS,코아스,기타제조,KOSPI,가구,-0.07645259938837923,456.0,2.658964842664435
134790.KS,팀스,기타제조,KOSPI,가구,-0.03944773175542404,483.0,2.683947130751512
002170.KS,삼양통상,기타제조,KOSPI,"섬유,의류,신발,호화품",-0.03874538745387457,1536.0,3.186391215695493
079430.KS,현대리바트,기타제조,KOSPI,가구,-0.1469534050179212,4134.0,3.6163704722912695
033780.KS,KT&G,기타제조,KOSPI,담배,0.054054054054053946,157200.0,5.196452541703389
016800.KS,퍼시스,기타제조,KOSPI,가구,0.04019292604501601,3726.0,3.571242850560224
011330.KS,유니켐,기타제조,KOSPI,"섬유,의류,신발,호화품",0.012820512820512775,808.0,2.907411360774586
011090.KS,에넥스,기타제조,KOSPI,가구,-0.14341846758349708,1314.0,3.118595365223762
004700.KS,조광피혁,기타제조,KOSPI,"섬유,의류,신발,호화품",-0.025094102885821812,2577.0,3.4111144185509046
002450.KS,삼익악기,기타제조,KOSPI,레저용장비와제품,-0.05217391304347829,1883.0,3.274850320016665
025620.KS,제이준코스메틱,기타제조,KOSPI,화장품,-0.126027397260274,3858.0,3.586362223307866
026960.KS,동서,유통업,KOSPI,식품,-0.05555555555555558,30309.0,4.4815716077088865
093230.KS,이아이디,유통업,KOSPI,석유와가스,-0.10176991150442483,494.0,2.693726948923647
226320.KS,잇츠스킨,유통업,KOSPI,화장품,-0.06820566631689406,9473.0,3.97648753730519
227840.KS,현대코퍼레이션홀딩스,유통업,KOSPI,식품과기본식료품소매,-0.06707317073170727,1374.0,3.137986732723532
02826K.KS,삼성물산우B,유통업,KOSPI,복합기업,0.09196740395809089,273154.0,5.436407564598754
028260.KS,삼성물산,유통업,KOSPI,복합기업,0.07636363636363641,273154.0,5.436407564598754
138250.KS,엔에스쇼핑,유통업,KOSPI,인터넷과카탈로그소매,-0.005780346820809301,5762.0,3.7605732539443943
027410.KS,BGF리테일,유통업,KOSPI,백화점과일반상점,-0.2759856630824373,49795.0,4.697185736706977
069640.KS,엠케이트렌드,유통업,KOSPI,"섬유,의류,신발,호화품",-0.02281368821292773,1704.0,3.2314695904306814
012170.KS,키위미디어그룹,유통업,KOSPI,운송인프라,-0.004854368932038833,1922.0,3.2837533833325265
007110.KS,일신석재,유통업,KOSPI,건축자재,-0.07073954983922826,1096.0,3.0398105541483504
010420.KS,한솔PNS,유통업,KOSPI,전문소매,-0.08466819221967958,409.0,2.611723308007342
007070.KS,GS리테일,유통업,KOSPI,백화점과일반상점,-0.0802139037433155,39039.0,4.591498684505818
031430.KS,신세계인터내셔날,유통업,KOSPI,"섬유,의류,신발,호화품",-0.12849872773536897,4820.0,3.6830470382388496
139480.KS,이마트,유통업,KOSPI,백화점과일반상점,-0.034979423868312765,62999.0,4.799333655835666
088790.KS,진도,유통업,KOSPI,"섬유,의류,신발,호화품",0.030201342281879207,767.0,2.884795363948981
002700.KS,신일산업,유통업,KOSPI,가정용기기와용품,0.01285347043701801,1364.0,3.13481437032046
081660.KS,휠라코리아,유통업,KOSPI,"섬유,의류,신발,호화품",0.11473272490221653,9632.0,3.9837164739137494
057050.KS,현대홈쇼핑,유통업,KOSPI,인터넷과카탈로그소매,-0.04379562043795615,15840.0,4.199755177253475
128820.KS,대성산업,유통업,KOSPI,석유와가스,0.33225806451612905,902.0,2.9552065375419416
122900.KS,아이마켓코리아,유통업,KOSPI,상업서비스와공급품,0.01872659176029967,4619.0,3.6645479622465467
123690.KS,한국화장품,유통업,KOSPI,화장품,-0.17674418604651165,2780.0,3.444044795918076
118000.KS,우리들휴브레인,유통업,KOSPI,건강관리장비와용품,-0.16216216216216217,502.0,2.7007037171450192
111770.KS,영원무역,유통업,KOSPI,"섬유,의류,신발,호화품",-0.07336956521739135,14778.0,4.169615662222747
005110.KS,한창,유통업,KOSPI,판매업체,-0.1480519480519481,558.0,2.7466341989375787
101140.KS,아티스,유통업,KOSPI,"섬유,의류,신발,호화품",0.13346613545816743,605.0,2.781755374652469
023530.KS,롯데쇼핑,유통업,KOSPI,백화점과일반상점,0.059336823734729593,94158.0,4.973857225130742
010600.KS,와이비로드,유통업,KOSPI,"섬유,의류,신발,호화품",0.009615384615384581,319.0,2.503790683057181
077500.KS,유니퀘스트,유통업,KOSPI,반도체와반도체장비,0.010638297872340496,1985.0,3.297760511099134
000760.KS,이화산업,유통업,KOSPI,화학,0.0,533.0,2.7267272090265724
009240.KS,한샘,유통업,KOSPI,가구,-0.1636363636363637,43538.0,4.638868475028603
005360.KS,모나미,유통업,KOSPI,문구류,-0.05867970660146704,724.0,2.859738566197147
069960.KS,현대백화점,유통업,KOSPI,백화점과일반상점,-0.04741379310344829,26211.0,4.418483590431424
067830.KS,세이브존I&C,유통업,KOSPI,백화점과일반상점,-0.01532567049808431,2122.0,3.3267453795653217
008775.KS,호텔신라우,유통업,KOSPI,"호텔,레스토랑,레저",-0.08624229979466114,22018.0,4.342777867387247
008770.KS,호텔신라,유통업,KOSPI,"호텔,레스토랑,레저",-0.06085526315789469,22018.0,4.342777867387247
004080.KS,신흥,유통업,KOSPI,건강관리장비와용품,0.00454545454545463,1042.0,3.0178677189635055
037710.KS,광주신세계,유통업,KOSPI,백화점과일반상점,-0.03488372093023251,4000.0,3.6020599913279625
009810.KS,엔케이물산,유통업,KOSPI,포장재,-0.018237082066869248,442.0,2.645422269349092
047050.KS,포스코대우,유통업,KOSPI,무역회사와판매업체,-0.07660455486542439,27204.0,4.4346327661741425
027390.KS,한화갤러리아타임월드,유통업,KOSPI,백화점과일반상점,-0.04389574759945125,2034.0,3.308350948586726
018670.KS,SK가스,유통업,KOSPI,가스유틸리티,0.07949790794979084,10985.0,4.040800061256529
017940.KS,E1,유통업,KOSPI,가스유틸리티,0.023696682464454888,4480.0,3.651278013998144
013000.KS,세우글로벌,유통업,KOSPI,판매업체,-0.009779951100244544,434.0,2.637489729512511
011760.KS,현대상사,유통업,KOSPI,무역회사와판매업체,-0.07762557077625576,2646.0,3.422589839851482
008600.KS,윌비스,유통업,KOSPI,"섬유,의류,신발,호화품",-0.07753479125248508,1305.0,3.1156105116742996
006370.KS,대구백화점,유통업,KOSPI,백화점과일반상점,-0.02264150943396226,1407.0,3.1482940974347455
005440.KS,현대그린푸드,유통업,KOSPI,식품과기본식료품소매,-0.032786885245901676,17685.0,4.24760506415077
005390.KS,신성통상,유통업,KOSPI,"섬유,의류,신발,호화품",-0.06956521739130439,1495.0,3.1746411926604483
005320.KS,국동,유통업,KOSPI,"섬유,의류,신발,호화품",-0.09907407407407409,585.0,2.7671558660821804
004270.KS,남성,유통업,KOSPI,전자장비와기기,0.04358974358974366,719.0,2.8567288903828825
004170.KS,신세계,유통업,KOSPI,백화점과일반상점,-0.05749486652977409,22841.0,4.358715113802131
004060.KS,SG세계물산,유통업,KOSPI,"섬유,의류,신발,호화품",-0.025751072961373356,2287.0,3.3592661646067485
003010.KS,혜인,유통업,KOSPI,무역회사와판매업체,0.02547770700636942,628.0,2.797959643737196
002810.KS,삼영무역,유통업,KOSPI,화학,0.00512820512820511,3178.0,3.5021538928713607
001745.KS,SK네트웍스우,유통업,KOSPI,복합기업,0.012915129151291449,15338.0,4.185768733433613
001740.KS,SK네트웍스,유통업,KOSPI,복합기업,-0.15540540540540537,15338.0,4.185768733433613
001250.KS,GS글로벌,유통업,KOSPI,무역회사와판매업체,-0.09365994236311237,2604.0,3.4156409798961542
001120.KS,LG상사,유통업,KOSPI,무역회사와판매업체,-0.07863501483679525,11822.0,4.0726909550128685
000680.KS,LS네트웍스,유통업,KOSPI,"섬유,의류,신발,호화품",-0.03497615262321141,2400.0,3.380211241711606
011000.KS,진원생명과학,유통업,KOSPI,생물공학,-0.014563106796116498,1597.0,3.203304916138483
006490.KS,인스코비,유통업,KOSPI,다각화된통신서비스,0.04057971014492745,1574.0,3.1970047280230456
004920.KS,씨아이테크,유통업,KOSPI,컴퓨터와주변기기,0.02753623188405796,309.0,2.4899584794248346
117580.KS,대성에너지,전기가스업,KOSPI,가스유틸리티,0.014150943396226356,1774.0,3.2489536154957075
071320.KS,지역난방공사,전기가스업,KOSPI,복합유틸리티,0.06105834464043425,8765.0,3.9427519204298136
034590.KS,인천도시가스,전기가스업,KOSPI,가스유틸리티,0.004878048780487809,1350.0,3.130333768495006
036460.KS,한국가스공사,전기가스업,KOSPI,가스유틸리티,0.04724409448818889,47726.0,4.67875503690713
017390.KS,서울가스,전기가스업,KOSPI,가스유틸리티,0.0,4185.0,3.6216954623292787
015760.KS,한국전력,전기가스업,KOSPI,전기유틸리티,-0.04449648711943799,265131.0,5.423460509859956
015360.KS,예스코,전기가스업,KOSPI,가스유틸리티,0.0012970168612191912,2286.0,3.359076226059263
015350.KS,부산가스,전기가스업,KOSPI,가스유틸리티,0.0888888888888888,4290.0,3.6324572921847245
012320.KS,경동가스,전기가스업,KOSPI,가스유틸리티,0.014787430683918634,1044.0,3.0187004986662433
004690.KS,삼천리,전기가스업,KOSPI,가스유틸리티,0.04219409282700415,4805.0,3.681693392004564
039570.KS,아이콘트롤스,건설업,KOSPI,건설,0.03675344563552829,2634.0,3.420615770625765
097230.KS,한진중공업,건설업,KOSPI,조선,0.060070671378091856,4783.0,3.679700380871964
023960.KS,에쓰씨엔지니어링,건설업,KOSPI,건설,0.24092409240924084,406.0,2.6085260335771943
028100.KS,동아지질,건설업,KOSPI,건설,-0.050724637681159424,1409.0,3.1489109931093564
002460.KS,화성산업,건설업,KOSPI,건설,-0.06927710843373491,1949.0,3.2898118391176214
051600.KS,한전KPS,건설업,KOSPI,전기유틸리티,-0.16698113207547172,20430.0,4.310268366632448
013367.KS,일성건설2우B,건설업,KOSPI,건설,-0.32068965517241377,611.0,2.786041210242554
002787.KS,진흥기업2우B,건설업,KOSPI,건설,-0.24160000000000004,3108.0,3.4924810101288766
010960.KS,삼호개발,건설업,KOSPI,건설,-0.036821705426356544,1232.0,3.090610707828407
002995.KS,금호산업우,건설업,KOSPI,건설,0.2180094786729858,4499.0,3.653115993165567
002990.KS,금호산업,건설업,KOSPI,건설,0.11627906976744184,4499.0,3.653115993165567
002785.KS,진흥기업우B,건설업,KOSPI,건설,-0.1681260945709282,3108.0,3.4924810101288766
034300.KS,신세계건설,건설업,KOSPI,건설,-0.05300859598853869,1354.0,3.1316186643491255
047040.KS,대우건설,건설업,KOSPI,건설,0.003973509933774766,32419.0,4.51079961442428
014790.KS,한라,건설업,KOSPI,건설,-0.014314928425357865,1726.0,3.237040791379191
013700.KS,까뮤이앤씨,건설업,KOSPI,건설,-0.054545454545454564,467.0,2.6693168805661123
013580.KS,계룡건설,건설업,KOSPI,건설,-0.013368983957219305,1683.0,3.226084115975824
013360.KS,일성건설,건설업,KOSPI,건설,-0.15140845070422537,611.0,2.786041210242554
012630.KS,현대산업,건설업,KOSPI,건설,-0.08657587548638135,34714.0,4.540504659129166
011160.KS,두산건설,건설업,KOSPI,건설,-0.054758800521512385,2221.0,3.346548558548474
009415.KS,태영건설우,건설업,KOSPI,건설,-0.003058103975535187,6479.0,3.811507979945327
009410.KS,태영건설,건설업,KOSPI,건설,0.26043165467625906,6479.0,3.811507979945327
006360.KS,GS건설,건설업,KOSPI,건설,-0.008143322475570036,21862.0,4.339689889966477
005980.KS,성지건설,건설업,KOSPI,건설,-0.05701754385964908,1028.0,3.011993114659257
005965.KS,동부건설우,건설업,KOSPI,건설,-0.037422037422037424,3103.0,3.491781775584166
005960.KS,동부건설,건설업,KOSPI,건설,0.03367003367003374,3103.0,3.491781775584166
005450.KS,신한,건설업,KOSPI,건설,-0.24470338983050843,504.0,2.7024305364455254
004960.KS,한신공영,건설업,KOSPI,건설,0.005012531328320913,2118.0,3.325925955771466
004200.KS,고려개발,건설업,KOSPI,건설,-0.049645390070921946,1435.0,3.156851901070011
003075.KS,코오롱글로벌우,건설업,KOSPI,건설,-0.09717868338557989,2129.0,3.3281756614383227
003070.KS,코오롱글로벌,건설업,KOSPI,건설,-0.08680555555555558,2129.0,3.3281756614383227
002780.KS,진흥기업,건설업,KOSPI,건설,-0.19064748201438853,3108.0,3.4924810101288766
002410.KS,범양건영,건설업,KOSPI,건설,-0.031746031746031744,575.0,2.7596678446896306
001880.KS,삼호,건설업,KOSPI,건설,0.014851485148514865,3317.0,3.5207454715194824
001470.KS,삼부토건,건설업,KOSPI,건설,-0.5378917378917378,766.0,2.884228769632604
001260.KS,남광토건,건설업,KOSPI,건설,-0.10411622276029053,692.0,2.840106094456758
000725.KS,현대건설우,건설업,KOSPI,건설,0.05084745762711873,52226.0,4.717886764407713
000720.KS,현대건설,건설업,KOSPI,건설,-0.054414784394250515,52226.0,4.717886764407713
000215.KS,대림산업우,건설업,KOSPI,건설,-0.02506596306068598,31181.0,4.493890039253007
000210.KS,대림산업,건설업,KOSPI,건설,-0.03679653679653683,31181.0,4.493890039253007
089590.KS,제주항공,운수창고업,KOSPI,항공사,0.061475409836065475,9699.0,3.9867269593312185
129260.KS,인터지스,운수창고업,KOSPI,항공화물운송과물류,-0.019938650306748462,933.0,2.9698816437465
020560.KS,아시아나항공,운수창고업,KOSPI,항공사,0.20196078431372544,11739.0,4.069631102620343
044450.KS,KSS해운,운수창고업,KOSPI,해운사,0.036871508379888285,2295.0,3.36078268987328
028670.KS,팬오션,운수창고업,KOSPI,해운사,-0.040000000000000036,28381.0,4.453027693687723
086280.KS,현대글로비스,운수창고업,KOSPI,항공화물운송과물류,-0.01567398119122254,58875.0,4.769930920136953
084670.KS,동양고속,운수창고업,KOSPI,도로와철도운송,0.05335157318741457,1014.0,3.0060379549973173
014130.KS,한익스프레스,운수창고업,KOSPI,항공화물운송과물류,-0.05907172995780585,804.0,2.905256048748451
011200.KS,현대상선,운수창고업,KOSPI,해운사,-0.038461538461538436,16994.0,4.230295613917047
009180.KS,한솔로지스틱스,운수창고업,KOSPI,항공화물운송과물류,-0.007827788649706457,412.0,2.6148972160331345
009070.KS,KCTC,운수창고업,KOSPI,항공화물운송과물류,-0.05697151424287861,948.0,2.976808337338066
005880.KS,대한해운,운수창고업,KOSPI,해운사,0.18578352180936997,8684.0,3.9387198147823823
005430.KS,한국공항,운수창고업,KOSPI,운송인프라,0.044471153846153744,1406.0,3.147985320683805
004365.KS,세방우,운수창고업,KOSPI,항공화물운송과물류,0.009888751545117369,2974.0,3.4733409641859354
004360.KS,세방,운수창고업,KOSPI,항공화물운송과물류,0.0,2974.0,3.4733409641859354
004140.KS,동방,운수창고업,KOSPI,항공화물운송과물류,0.029649595687331498,597.0,2.775974331129369
003495.KS,대한항공우,운수창고업,KOSPI,항공사,0.08116883116883122,34286.0,4.535116820802952
003490.KS,대한항공,운수창고업,KOSPI,항공사,0.09014084507042264,34286.0,4.535116820802952
003280.KS,흥아해운,운수창고업,KOSPI,해운사,0.03267973856209161,1941.0,3.2880255353883627
002320.KS,한진,운수창고업,KOSPI,항공화물운송과물류,0.200652528548124,4065.0,3.609060549930087
001140.KS,국보,운수창고업,KOSPI,항공화물운송과물류,-0.10370370370370374,108.0,2.03342375548695
000650.KS,천일고속,운수창고업,KOSPI,도로와철도운송,0.004016064257028162,1366.0,3.1354506993455136
000120.KS,CJ대한통운,운수창고업,KOSPI,항공화물운송과물류,-0.06233766233766236,41404.0,4.617042299913444
032640.KS,LG유플러스,통신업,KOSPI,무선통신서비스,-0.03703703703703709,67238.0,4.827614786833439
030200.KS,KT,통신업,KOSPI,다각화된통신서비스,0.001536098310291889,88125.0,4.945099129999456
017670.KS,SK텔레콤,통신업,KOSPI,무선통신서비스,0.04930966469428011,213169.0,5.3287240478788025
123890.KS,한국자산신탁,금융업,KOSPI,부동산,-0.013903743315508033,8621.0,3.935557645093014
034830.KS,한국토지신탁,금융업,KOSPI,부동산,-0.08251748251748248,8118.0,3.9094490469812664
085620.KS,미래에셋생명,금융업,KOSPI,생명보험,-0.0539568345323741,7666.0,3.8845688149183335
000030.KS,우리은행,금융업,KOSPI,은행,0.2058823529411764,126074.0,5.100625532086342
192530.KS,광주은행,금융업,KOSPI,은행,0.035573122529644285,6620.0,3.8208579894397
175330.KS,JB금융지주,금융업,KOSPI,은행,0.02746365105008075,10290.0,4.012415374762433
139130.KS,DGB금융지주,금융업,KOSPI,은행,0.026086956521739202,19367.0,4.287062352554394
138040.KS,메리츠금융지주,금융업,KOSPI,손해보험,0.0,20075.0,4.302655553950719
138930.KS,BNK금융지주,금융업,KOSPI,은행,0.09499999999999997,35201.0,4.546555001214298
032830.KS,삼성생명,금융업,KOSPI,생명보험,-0.040983606557377095,236000.0,5.372912002970106
088350.KS,한화생명,금융업,KOSPI,생명보험,-0.011363636363636354,60884.0,4.784503177285203
082640.KS,동양생명,금융업,KOSPI,생명보험,-0.07499999999999996,16039.0,4.205177287388274
039490.KS,키움증권,금융업,KOSPI,증권,0.11190476190476195,20442.0,4.310523383951521
033660.KS,아주캐피탈,금융업,KOSPI,기타금융,-0.0327225130890052,4293.0,3.6327608884794387
105560.KS,KB금융,금융업,KOSPI,은행,0.07649253731343286,241668.0,5.383219147952207
003547.KS,대신증권2우B,금융업,KOSPI,증권,0.09212121212121205,7616.0,3.881726935376418
029780.KS,삼성카드,금융업,KOSPI,카드,-0.07023809523809521,44895.0,4.652197975895873
086790.KS,하나금융지주,금융업,KOSPI,은행,0.1023142509135202,136013.0,5.133580419829369
024110.KS,기업은행,금융업,KOSPI,은행,0.10465116279069764,80917.0,4.908039772917383
071055.KS,한국금융지주우,금융업,KOSPI,증권,0.2231012658227849,39231.0,4.593629378457009
071050.KS,한국금융지주,금융업,KOSPI,증권,0.14542483660130712,39231.0,4.593629378457009
030610.KS,교보증권,금융업,KOSPI,증권,0.1894953656024716,4068.0,3.6093809442507068
055550.KS,신한지주,금융업,KOSPI,은행,-0.0030333670374115274,236626.0,5.37406246233821
030210.KS,KTB투자증권,금융업,KOSPI,증권,0.09221902017291073,2322.0,3.365862215402555
021960.KS,KB캐피탈,금융업,KOSPI,기타금융,0.06261180679785339,6480.0,3.8115750058705933
016610.KS,동부증권,금융업,KOSPI,증권,0.08838383838383845,1812.0,3.2581581933407944
016360.KS,삼성증권,금융업,KOSPI,증권,0.028642590286425795,36166.0,4.558300477962864
010050.KS,우리종금,금융업,KOSPI,기타금융,0.18181818181818188,3580.0,3.5538830266438746
008560.KS,메리츠종금증권,금융업,KOSPI,증권,0.14092446448703488,30403.0,4.482916439502271
006805.KS,미래에셋대우우,금융업,KOSPI,증권,0.1653160453808753,73295.0,4.865074349177635
006800.KS,미래에셋대우,금융업,KOSPI,증권,0.16315789473684217,73295.0,4.865074349177635
006220.KS,제주은행,금융업,KOSPI,은행,0.024111675126903487,1788.0,3.2523675144598987
005945.KS,NH투자증권우,금융업,KOSPI,증권,0.10751445086705202,40523.0,4.60770158958106
005940.KS,NH투자증권,금융업,KOSPI,증권,0.04946996466431086,40523.0,4.60770158958106
005830.KS,동부화재,금융업,KOSPI,손해보험,0.004431314623338345,50126.0,4.700063049770879
003690.KS,코리안리,금융업,KOSPI,손해보험,0.012552301255230214,14444.0,4.159687479754789
003545.KS,대신증권우,금융업,KOSPI,증권,0.07452725250278092,7616.0,3.881726935376418
003540.KS,대신증권,금융업,KOSPI,증권,0.1930501930501931,7616.0,3.881726935376418
003535.KS,한화투자증권우,금융업,KOSPI,증권,0.39312977099236646,6311.0,3.8000981801747757
003530.KS,한화투자증권,금융업,KOSPI,증권,0.203852327447833,6311.0,3.8000981801747757
003475.KS,유안타증권우,금융업,KOSPI,증권,0.12670565302144254,7953.0,3.900530982452756
003470.KS,유안타증권,금융업,KOSPI,증권,0.027568922305764465,7953.0,3.900530982452756
003465.KS,유화증권우,금융업,KOSPI,증권,0.05190311418685112,1792.0,3.2533380053261065
003460.KS,유화증권,금융업,KOSPI,증권,0.01602564102564097,1792.0,3.2533380053261065
002550.KS,KB손해보험,금융업,KOSPI,손해보험,0.08580858085808574,21812.0,4.338695489014784
001755.KS,한양증권우,금융업,KOSPI,증권,0.49122807017543857,1044.0,3.0187004986662433
001750.KS,한양증권,금융업,KOSPI,증권,0.0859375,1044.0,3.0187004986662433
001725.KS,신영증권우,금융업,KOSPI,증권,0.023638232271325776,5303.0,3.7245216271185626
001720.KS,신영증권,금융업,KOSPI,증권,0.04761904761904767,5303.0,3.7245216271185626
001515.KS,SK증권우,금융업,KOSPI,증권,0.15947467166979368,4898.0,3.6900187807886953
001510.KS,SK증권,금융업,KOSPI,증권,0.08361204013377921,4898.0,3.6900187807886953
001500.KS,HMC투자증권,금융업,KOSPI,증권,0.10041841004184104,3711.0,3.569490954348783
001450.KS,현대해상,금융업,KOSPI,손해보험,0.042384105960264984,35715.0,4.552850654460561
001290.KS,골든브릿지증권,금융업,KOSPI,증권,0.3803418803418803,956.0,2.9804578922761
001275.KS,부국증권우,금융업,KOSPI,증권,0.11704834605597969,2525.0,3.40226138245468
001270.KS,부국증권,금융업,KOSPI,증권,0.1603773584905661,2525.0,3.40226138245468
001200.KS,유진투자증권,금융업,KOSPI,증권,0.12222222222222223,3778.0,3.577261953585815
000815.KS,삼성화재우,금융업,KOSPI,손해보험,0.034482758620689724,135729.0,5.132672649387063
000810.KS,삼성화재,금융업,KOSPI,손해보험,-0.037606837606837584,135729.0,5.132672649387063
000547.KS,흥국화재2우B,금융업,KOSPI,손해보험,-0.0835030549898167,3675.0,3.5652573434202135
000545.KS,흥국화재우,금융업,KOSPI,손해보험,0.39245283018867916,3675.0,3.5652573434202135
000540.KS,흥국화재,금융업,KOSPI,손해보험,0.17377731529656604,3675.0,3.5652573434202135
000400.KS,롯데손해보험,금융업,KOSPI,손해보험,0.08514492753623193,3928.0,3.594171479114912
000370.KS,한화손해보험,금융업,KOSPI,손해보험,0.09715025906735741,7776.0,3.890756251918218
000060.KS,메리츠화재,금융업,KOSPI,손해보험,0.0664893617021276,22178.0,4.345922379138341
007540.KS,샘표,서비스업,KOSPI,식품,-0.07663782447466005,1067.0,3.0281644194244697
241560.KS,두산밥캣,서비스업,KOSPI,기계,-0.04557640750670244,35989.0,4.556169779397686
241590.KS,화승엔터프라이즈,서비스업,KOSPI,"섬유,의류,신발,호화품",0.005698005698005604,4578.0,3.660675788338524
229640.KS,LS전선아시아,서비스업,KOSPI,전기장비,-0.007739938080495334,2027.0,3.3068537486930087
070960.KS,용평리조트,서비스업,KOSPI,"호텔,레스토랑,레저",-0.05078125,5896.0,3.770557474850995
030790.KS,동양네트웍스,서비스업,KOSPI,IT서비스,0.17989417989418,1160.0,3.0644579892269186
03473K.KS,SK우,서비스업,KOSPI,복합기업,0.027272727272727337,194546.0,5.289022305837339
095570.KS,AJ네트웍스,서비스업,KOSPI,도로와철도운송,0.10962962962962952,3488.0,3.5425764762605296
214320.KS,이노션,서비스업,KOSPI,광고,-0.028919330289193357,12740.0,4.105169427999332
210980.KS,SK디앤디,서비스업,KOSPI,부동산,0.14851485148514842,5452.0,3.736555847162636
001630.KS,종근당홀딩스,서비스업,KOSPI,제약,-0.020486555697823317,3672.0,3.564902672529205
004150.KS,한솔홀딩스,서비스업,KOSPI,종이와목재,-0.010510510510510551,2990.0,3.4756711883244296
013570.KS,디와이,서비스업,KOSPI,기계,0.05578231292517,1974.0,3.295347148333618
007860.KS,서연,서비스업,KOSPI,자동차부품,0.0046511627906977715,2465.0,3.391816923613249
000640.KS,동아쏘시오홀딩스,서비스업,KOSPI,제약,-0.14240506329113922,8409.0,3.9247443524799484
044820.KS,코스맥스비티아이,서비스업,KOSPI,제약,-0.11826347305389218,2814.0,3.449324093098727
018260.KS,삼성에스디에스,서비스업,KOSPI,IT서비스,0.13190184049079745,141988.0,5.152251641890093
060980.KS,한라홀딩스,서비스업,KOSPI,자동차부품,-0.015337423312883458,6892.0,3.8383452687759907
020120.KS,다우인큐브,서비스업,KOSPI,소프트웨어,0.29900990099009905,513.0,2.7101173651118162
004840.KS,DRB동일,서비스업,KOSPI,자동차부품,-0.033333333333333326,1900.0,3.278753600952829
006880.KS,신송홀딩스,서비스업,KOSPI,식품,-0.033333333333333326,691.0,2.8394780473741985
002030.KS,아세아,서비스업,KOSPI,포장재,0.07042253521126751,2487.0,3.395675785269936
000240.KS,한국타이어월드와이드,서비스업,KOSPI,자동차부품,0.0455635491606714,20232.0,4.306038816336349
18064K.KS,한진칼우,서비스업,KOSPI,항공사,0.09387755102040818,14793.0,4.1700562572508
180640.KS,한진칼,서비스업,KOSPI,항공사,0.13490364025695922,14793.0,4.1700562572508
181710.KS,NHN엔터테인먼트,서비스업,KOSPI,게임소프트웨어와서비스,0.134180790960452,15750.0,4.19728055812562
007120.KS,미래아이앤지,서비스업,KOSPI,IT서비스,-0.2698275862068965,544.0,2.73559889969818
005725.KS,넥센우,서비스업,KOSPI,자동차부품,-0.03125,4574.0,3.66029616027073
005720.KS,넥센,서비스업,KOSPI,자동차부품,0.04849884526558901,4574.0,3.66029616027073
024720.KS,한국콜마홀딩스,서비스업,KOSPI,화장품,-0.1694695989650712,5335.0,3.727134423760489
037560.KS,CJ헬로비전,서비스업,KOSPI,방송과엔터테인먼트,-0.043022035676810066,7017.0,3.8461514765288154
006840.KS,AK홀딩스,서비스업,KOSPI,화학,0.07848837209302317,9313.0,3.9690896029549214
068400.KS,AJ렌터카,서비스업,KOSPI,도로와철도운송,0.09090909090909083,2658.0,3.4245549766067134
000075.KS,삼양홀딩스우,서비스업,KOSPI,식품,-0.022617124394184174,10577.0,4.024362504353282
000070.KS,삼양홀딩스,서비스업,KOSPI,식품,-0.08239700374531833,10577.0,4.024362504353282
039130.KS,하나투어,서비스업,KOSPI,"호텔,레스토랑,레저",-0.018240343347639465,10164.0,4.007064656378332
096775.KS,SK이노베이션우,서비스업,KOSPI,석유와가스,0.0044642857142858094,147945.0,5.170100292179295
096770.KS,SK이노베이션,서비스업,KOSPI,석유와가스,-0.062130177514792884,147945.0,5.170100292179295
053210.KS,스카이라이프,서비스업,KOSPI,방송과엔터테인먼트,-0.0030487804878048808,7699.0,3.8864343196289384
005620.KS,대성합동지주,서비스업,KOSPI,석유와가스,0.19322709163346619,1000.0,3.0
008930.KS,한미사이언스,서비스업,KOSPI,제약,0.14054054054054044,52066.0,4.7165542140372105
023350.KS,한국종합기술,서비스업,KOSPI,건설,-0.17560975609756102,889.0,2.9489017609702137
025530.KS,SJM홀딩스,서비스업,KOSPI,자동차부품,-0.013182674199623379,775.0,2.88930170250631
900140.KS,코라오홀딩스,서비스업,KOSPI,자동차,-0.06607929515418498,2958.0,3.4709981696608736
126560.KS,현대에이치씨엔,서비스업,KOSPI,방송과엔터테인먼트,0.10150375939849621,4848.0,3.68556261115823
058860.KS,케이티스,서비스업,KOSPI,상업서비스와공급품,-0.002812939521800284,1237.0,3.0923696996291206
130660.KS,한전산업,서비스업,KOSPI,전기유틸리티,-0.005417118093174467,1493.0,3.1740598077250253
012030.KS,동부,서비스업,KOSPI,IT서비스,0.062322946175637384,1350.0,3.130333768495006
058850.KS,KTcs,서비스업,KOSPI,상업서비스와공급품,0.0,1078.0,3.03261876085072
002150.KS,도화엔지니어링,서비스업,KOSPI,건설,-0.0039525691699604515,1706.0,3.231979026831504
002025.KS,코오롱우,서비스업,KOSPI,화학,0.10396039603960405,9770.0,3.989894563718773
002020.KS,코오롱,서비스업,KOSPI,화학,0.15819209039548032,9770.0,3.989894563718773
031440.KS,신세계푸드,서비스업,KOSPI,"호텔,레스토랑,레저",-0.048484848484848464,5847.0,3.766933093837284
009440.KS,KC그린홀딩스,서비스업,KOSPI,기계,-0.09276944065484316,1463.0,3.1652443261253107
000590.KS,CS홀딩스,서비스업,KOSPI,철강,-0.049826187717265324,959.0,2.9818186071706636
016450.KS,한세예스24홀딩스,서비스업,KOSPI,"섬유,의류,신발,호화품",0.08333333333333326,4240.0,3.6273658565927325
016710.KS,대성홀딩스,서비스업,KOSPI,가스유틸리티,-0.027310924369747913,1496.0,3.1749315935284423
000700.KS,유수홀딩스,서비스업,KOSPI,항공화물운송과물류,0.07654320987654328,2242.0,3.3506356082589543
052690.KS,한전기술,서비스업,KOSPI,전기유틸리티,-0.16913319238900637,7606.0,3.8811563210755637
114090.KS,GKL,서비스업,KOSPI,"호텔,레스토랑,레저",0.009009009009008917,13670.0,4.135768514567823
034730.KS,SK,서비스업,KOSPI,복합기업,0.01645338208409508,194546.0,5.289022305837339
009970.KS,영원무역홀딩스,서비스업,KOSPI,"섬유,의류,신발,호화품",0.04537521815008727,7868.0,3.8958643512472992
053690.KS,한미글로벌,서비스업,KOSPI,건설,0.055299539170506895,1189.0,3.0751818546186915
015540.KS,핫텍,서비스업,KOSPI,판매업체,-0.08611111111111114,413.0,2.615950051656401
000180.KS,성창기업지주,서비스업,KOSPI,종이와목재,0.0,2141.0,3.3306166672944384
000157.KS,두산2우B,서비스업,KOSPI,복합기업,-0.008021390374331583,24552.0,4.3900868754237665
000155.KS,두산우,서비스업,KOSPI,복합기업,-0.02875816993464053,24552.0,4.3900868754237665
000150.KS,두산,서비스업,KOSPI,복합기업,0.012765957446808418,24552.0,4.3900868754237665
035420.KS,NAVER,서비스업,KOSPI,인터넷소프트웨어와서비스,-0.008284023668639007,276887.0,5.4423025658546385
001940.KS,KISCO홀딩스,서비스업,KOSPI,철강,0.08430232558139528,2783.0,3.444513206334043
015860.KS,일진홀딩스,서비스업,KOSPI,전기장비,0.04761904761904767,2685.0,3.428944290035574
006260.KS,LS,서비스업,KOSPI,전기장비,-0.008163265306122436,24214.0,4.384066538075945
005810.KS,풍산홀딩스,서비스업,KOSPI,비철금속,0.05222437137330749,4309.0,3.6343764940883676
000145.KS,하이트진로홀딩스우,서비스업,KOSPI,음료,0.05660377358490565,2669.0,3.4263485737875077
000140.KS,하이트진로홀딩스,서비스업,KOSPI,음료,-0.021186440677966156,2669.0,3.4263485737875077
017810.KS,풀무원,서비스업,KOSPI,식품,-0.05594405594405594,5066.0,3.704665185454529
100220.KS,비상교육,서비스업,KOSPI,교육서비스,-0.09810126582278478,1820.0,3.2600713879850747
102260.KS,동성코퍼레이션,서비스업,KOSPI,화학,0.16724137931034488,2990.0,3.4756711883244296
096760.KS,JW홀딩스,서비스업,KOSPI,제약,-0.015290519877675823,5880.0,3.7693773260761385
031820.KS,콤텍시스템,서비스업,KOSPI,IT서비스,-0.028124999999999956,486.0,2.6866362692622934
012510.KS,더존비즈온,서비스업,KOSPI,소프트웨어,-0.06525037936267075,9021.0,3.95525468282018
036530.KS,S&T홀딩스,서비스업,KOSPI,자동차부품,0.037572254335260125,2715.0,3.433769833924866
101060.KS,SBS미디어홀딩스,서비스업,KOSPI,방송과엔터테인먼트,-0.026058631921824116,4176.0,3.620760489994206
068290.KS,삼성출판사,서비스업,KOSPI,문구류,0.02898550724637672,1050.0,3.0211892990699383
032350.KS,롯데관광개발,서비스업,KOSPI,"호텔,레스토랑,레저",-0.046674445740956805,3695.0,3.5676144427308447
100250.KS,진양홀딩스,서비스업,KOSPI,화학,-0.013254786450662692,1831.0,3.2626883443016963
001045.KS,CJ우,서비스업,KOSPI,복합기업,-0.027926960257787292,56312.0,4.7506009521951915
001040.KS,CJ,서비스업,KOSPI,복합기업,-0.10401891252955087,56312.0,4.7506009521951915
094280.KS,효성ITX,서비스업,KOSPI,상업서비스와공급품,-0.09239130434782605,1820.0,3.2600713879850747
000327.KS,노루홀딩스2우B,서비스업,KOSPI,건축자재,0.030555555555555447,1927.0,3.284881714655453
003480.KS,한진중공업홀딩스,서비스업,KOSPI,조선,-0.021428571428571463,1633.0,3.212986184736668
095720.KS,웅진씽크빅,서비스업,KOSPI,교육서비스,0.009732360097323589,2794.0,3.446226401778163
011420.KS,갤럭시아에스엠,서비스업,KOSPI,방송과엔터테인먼트,-0.09708737864077666,788.0,2.8965262174895554
002795.KS,아모레G우,서비스업,KOSPI,화장품,-0.04024767801857587,110494.0,5.043338695780054
002790.KS,아모레G,서비스업,KOSPI,화장품,-0.1362126245847176,110494.0,5.043338695780054
006200.KS,한국전자홀딩스,서비스업,KOSPI,반도체와반도체장비,-0.028004667444574083,392.0,2.593286067020457
092230.KS,KPX홀딩스,서비스업,KOSPI,화학,0.00605143721633894,2788.0,3.4452927694259716
000325.KS,노루홀딩스우,서비스업,KOSPI,건축자재,-0.008849557522123908,1927.0,3.284881714655453
000320.KS,노루홀딩스,서비스업,KOSPI,건축자재,-0.05161290322580647,1927.0,3.284881714655453
035510.KS,신세계 I&C,서비스업,KOSPI,IT서비스,0.05563093622795123,1340.0,3.1271047983648077
010770.KS,평화홀딩스,서비스업,KOSPI,자동차부품,-0.00520833333333337,556.0,2.7450747915820575
021240.KS,코웨이,서비스업,KOSPI,가정용기기와용품,0.03482587064676612,78933.0,4.8972586093134876
003560.KS,IHQ,서비스업,KOSPI,방송과엔터테인먼트,0.06199460916442057,2936.0,3.467756051244033
084695.KS,대상홀딩스우,서비스업,KOSPI,식품,0.028610354223433276,4038.0,3.6061663146076204
084690.KS,대상홀딩스,서비스업,KOSPI,식품,0.032110091743119185,4038.0,3.6061663146076204
084680.KS,이월드,서비스업,KOSPI,"호텔,레스토랑,레저",-0.05392156862745101,1742.0,3.241048150671644
079160.KS,CJ CGV,서비스업,KOSPI,방송과엔터테인먼트,-0.12899408284023672,15300.0,4.184691430817598
078935.KS,GS우,서비스업,KOSPI,석유와가스,-0.035834266517357216,63926.0,4.805677530458014
078930.KS,GS,서비스업,KOSPI,석유와가스,-0.06447187928669407,63926.0,4.805677530458014
078000.KS,텔코웨어,서비스업,KOSPI,소프트웨어,-0.004132231404958664,1184.0,3.073351702386901
016880.KS,웅진,서비스업,KOSPI,복합기업,-0.05154639175257736,1643.0,3.215637563435062
034310.KS,NICE,서비스업,KOSPI,신용평가서비스,-0.002849002849002802,6648.0,3.8226910107760546
019685.KS,대교우B,서비스업,KOSPI,교육서비스,0.0,6963.0,3.84279639517558
019680.KS,대교,서비스업,KOSPI,교육서비스,-0.010909090909090868,6963.0,3.84279639517558
015020.KS,이스타코,서비스업,KOSPI,방송과엔터테인먼트,-0.11158798283261806,433.0,2.6364878963533656
035250.KS,강원랜드,서비스업,KOSPI,"호텔,레스토랑,레저",-0.0386206896551724,75521.0,4.8780677319733625
037270.KS,YG PLUS,서비스업,KOSPI,광고,-0.12526539278131632,1230.0,3.089905111439398
072710.KS,농심홀딩스,서비스업,KOSPI,식품,0.029288702928870203,5496.0,3.740046724051494
072130.KS,유엔젤,서비스업,KOSPI,인터넷소프트웨어와서비스,-0.10380622837370246,693.0,2.8407332346118066
034120.KS,SBS,서비스업,KOSPI,방송과엔터테인먼트,-0.03046594982078854,5129.0,3.7100326990657537
036570.KS,엔씨소프트,서비스업,KOSPI,게임소프트웨어와서비스,0.0026420079260238705,82234.0,4.915051415586624
003090.KS,대웅,서비스업,KOSPI,제약,-0.0742049469964664,7762.0,3.8899736384039962
005257.KS,녹십자홀딩스2우,서비스업,KOSPI,제약,0.08536585365853666,14908.0,4.173419384081802
005255.KS,녹십자홀딩스1우,서비스업,KOSPI,제약,0.3779999999999999,14908.0,4.173419384081802
005250.KS,녹십자홀딩스,서비스업,KOSPI,제약,-0.10422535211267603,14908.0,4.173419384081802
058650.KS,세아홀딩스,서비스업,KOSPI,철강,0.03344481605351168,6120.0,3.7867514221455614
003555.KS,LG우,서비스업,KOSPI,복합기업,0.03575297941495115,134940.0,5.130140705819276
003550.KS,LG,서비스업,KOSPI,복합기업,-0.04567901234567906,134940.0,5.130140705819276
035000.KS,지투알,서비스업,KOSPI,광고,0.024752475247524774,1640.0,3.214843848047698
030000.KS,제일기획,서비스업,KOSPI,광고,-0.04166666666666663,21398.0,4.330373183183088
028050.KS,삼성엔지니어링,서비스업,KOSPI,건설,-0.05555555555555558,23618.0,4.3732431182673634
023590.KS,다우기술,서비스업,KOSPI,IT서비스,0.02331002331002341,9871.0,3.994361151908001
012750.KS,에스원,서비스업,KOSPI,상업서비스와공급품,-0.0717703349282297,36859.0,4.566543548452964
002420.KS,세기상사,서비스업,KOSPI,방송과엔터테인먼트,0.002515723270440251,310.0,2.4913616938342726
251270.KS,넷마블게임즈,서비스업,KOSPI,게임소프트웨어와서비스,0.019736842105263053,129640.0,5.112739022360173
